intersection,latitude,longitude,nb_passages_pietons,latitude_pp1,longitude_pp1,latitude_pp2,longitude_pp2,latitude_pp3,longitude_pp3,latitude_pp4,longitude_pp4,latitude_pp5,longitude_pp5,latitude_pp6,longitude_pp6
100299474,48.7821035,2.3276565,2,48.7820932,2.3277363,48.7819826,2.3276563,,,,,,,,
100299478 / 100299716 / 100299717 / 100299719 / 100299720 / 348095897 / 348095906,48.7794962,2.3280369,5,48.7794772,2.3282125,48.7796483,2.328021,48.7795667,2.3278483,48.7794653,2.3281814,48.7793815,2.3282198,,
100300379,48.7787477,2.328017,1,48.7787265,2.3281278,,,,,,,,,,
100300380,48.7782604,2.3278188,2,48.778227,2.327923,48.778312,2.3278399,,,,,,,,
100300384 / 6790257067 / 6790257072,48.7754142,2.3263534,4,48.7752929,2.3263045,48.7754601,2.3262302,48.775387,2.3265377,48.7755488,2.3262379,,,,
100300385,48.7750042,2.3260871,0,,,,,,,,,,,,
100300861,48.7799048,2.3250203,4,48.7798402,2.324975,48.7798856,2.3251634,48.7799633,2.325084,48.7799216,2.3249143,,,,
100301152,48.7790374,2.332619,1,48.7790454,2.3328149,,,,,,,,,,
100301696,48.7806754,2.3314102,4,48.7806248,2.3314123,48.780642,2.3313218,48.7807278,2.331398,48.7807204,2.3315296,,,,
100301697 / 11215770599,48.7813879,2.3333506,4,48.7814324,2.3332343,48.7813167,2.3333884,48.781357,2.3332177,48.7814796,2.3333655,,,,
100301935,48.7818945,2.3287524,0,,,,,,,,,,,,
100301938 / 3810924299,48.7791379,2.3311137,1,48.7791972,2.3311463,,,,,,,,,,
100301999,48.780202,2.3279392,2,48.7802921,2.3279224,48.7802094,2.3280156,,,,,,,,
100302046,48.7812922,2.3309513,1,48.7812732,2.3309002,,,,,,,,,,
100302079,48.7805449,2.3289649,1,48.7805905,2.3289577,,,,,,,,,,
100302866 / 100302982 / 100302985,48.7789238,2.327102,0,,,,,,,,,,,,
100303407,48.7791538,2.330593,3,48.7791054,2.3305683,48.7791548,2.3304782,48.7791533,2.3306482,,,,,,
100303598 / 554341778 / 1833987035,48.7771085,2.3288397,0,,,,,,,,,,,,
100303790,48.7777179,2.3295143,2,48.7777666,2.3293734,48.7776096,2.329389,,,,,,,,
100303820 / 3153743497 / 3153743498,48.7764528,2.330348,0,,,,,,,,,,,,
100303823 / 3153743474,48.775688,2.3304492,0,,,,,,,,,,,,
100303824 / 2106630349,48.7748722,2.3299819,1,48.7748592,2.329925,,,,,,,,,,
100303827,48.7742801,2.3314422,3,48.7742037,2.3313801,48.7742578,2.3315534,48.7743087,2.3313116,,,,,,
160193390,48.7789352,2.3659441,0,,,,,,,,,,,,
173857838,48.7665942,2.3188398,0,,,,,,,,,,,,
173858005 / 317132512,48.7739702,2.3247333,0,,,,,,,,,,,,
241587218,48.7672397,2.3343468,0,,,,,,,,,,,,
241587219,48.7658186,2.3336634,1,48.7658366,2.3335814,,,,,,,,,,
241601393,48.7746345,2.3547429,2,48.7747145,2.3548736,48.7747113,2.3546461,,,,,,,,
243991926 / 1683534120,48.7735514,2.3358657,1,48.7735755,2.3356886,,,,,,,,,,
243991927 / 1683826408 / 8774053447,48.7706639,2.3336916,1,48.7706898,2.3335901,,,,,,,,,,
243991929,48.7677424,2.3321423,1,48.7677969,2.3321751,,,,,,,,,,
243992371,48.767876,2.3315826,2,48.7677878,2.3315218,48.7678583,2.3316597,,,,,,,,
243993808 / 317131965,48.7721754,2.3348512,0,,,,,,,,,,,,
243995273 / 560853428,48.776352,2.3400075,1,48.776243,2.3399723,,,,,,,,,,
243995274 / 313958870,48.7784168,2.3406046,4,48.7785461,2.3407698,48.7785607,2.3406426,48.7783148,2.3405751,48.778431,2.3404659,,,,
267241971,48.765733,2.3277738,2,48.7657628,2.3277788,48.7657018,2.3279051,,,,,,,,
297978605 / 313958189 / 316221334 / 316221335,48.7822221,2.3411902,6,48.7820613,2.3411889,48.782366,2.3413453,48.782313,2.3410802,48.7820859,2.3413134,48.7824038,2.341214,48.7822537,2.3410864
301439041,48.7753788,2.3268863,0,,,,,,,,,,,,
301439042 / 10008553077,48.7756334,2.3258094,0,,,,,,,,,,,,
301460405 / 316221161,48.7846635,2.3474754,0,,,,,,,,,,,,
301460474 / 313958183 / 5766318530 / 7711404213,48.7808397,2.3411495,4,48.7807342,2.3411204,48.780785,2.3412567,48.7808378,2.3410509,48.7807959,2.341049,,,,
301461028 / 560853445 / 560853448 / 11337924869,48.778291,2.3416276,3,48.778242,2.3416101,48.7782132,2.3417787,48.7782981,2.3415839,,,,,,
301461057,48.7760567,2.3536061,3,48.7759909,2.3535495,48.7760899,2.3535451,48.7761906,2.3537211,,,,,,
301461074 / 1680000258,48.7758018,2.353381,1,48.7756967,2.3535029,,,,,,,,,,
301463233,48.7784725,2.3351518,2,48.7784402,2.3352134,48.7785673,2.3352406,,,,,,,,
301463423,48.7763456,2.3389725,2,48.7764216,2.3389826,48.7763294,2.3388707,,,,,,,,
301463425 / 826674978 / 5982236105,48.7789218,2.335509,4,48.7790768,2.335385,48.7789403,2.3356357,48.7788465,2.3354914,48.7790439,2.3354677,,,,
301463428 / 317773427,48.7807141,2.3350498,3,48.7808469,2.3349343,48.7805894,2.3352037,48.7807184,2.3349528,,,,,,
301463431,48.7834191,2.3339808,3,48.7833606,2.3339916,48.7835678,2.3339533,48.7834572,2.3340625,,,,,,
301463434 / 313955871 / 1852601123,48.7787893,2.3384489,2,48.7788327,2.3385819,48.778767,2.3386169,,,,,,,,
301463435,48.7785816,2.3393558,3,48.7786108,2.3392623,48.7785559,2.3394715,48.778521,2.3393531,,,,,,
313950577,48.7843631,2.3336588,0,,,,,,,,,,,,
313950889,48.78289,2.3309817,3,48.7829003,2.3309144,48.7829213,2.3309934,48.7828477,2.3309705,,,,,,
313951013 / 3880633714,48.7833419,2.3280125,1,48.7833281,2.3281091,,,,,,,,,,
313951166,48.7820328,2.3267098,0,,,,,,,,,,,,
313951493,48.7827528,2.327823,1,48.7827407,2.3279077,,,,,,,,,,
313952347 / 313952350 / 313952351 / 313952354,48.7883146,2.3431271,3,48.7882368,2.3430977,48.7882595,2.3429947,48.7883106,2.3432482,,,,,,
313952442,48.7877513,2.3427621,0,,,,,,,,,,,,
313955532 / 1492329455 / 1492329457 / 5287704645 / 6308248534 / 7711404202,48.7820294,2.3432303,3,48.7819656,2.3430836,48.7819427,2.3431595,48.7820286,2.3430167,,,,,,
313955641,48.7841359,2.3388812,0,,,,,,,,,,,,
313955866,48.780043,2.3392091,3,48.7800805,2.3392982,48.7801802,2.339151,48.780112,2.3392798,,,,,,
313955869,48.779554,2.3388451,4,48.7796027,2.3388969,48.7793866,2.3387957,48.7795673,2.3387691,48.7796103,2.3388519,,,,
313956700 / 4343637296,48.7777315,2.3336536,2,48.7777752,2.3335868,48.7776904,2.3335791,,,,,,,,
313957097,48.7826029,2.3399877,5,48.7825008,2.3400397,48.7825559,2.3401197,48.7826621,2.3399438,48.7826931,2.3400547,48.7824866,2.3399013,,
313957105,48.7811773,2.3411658,3,48.7811913,2.3410811,48.781089,2.341163,48.7811193,2.3412844,,,,,,
313957121 / 317782314,48.781468,2.3395558,3,48.7812793,2.3394912,48.7814545,2.3396297,48.7813628,2.3395937,,,,,,
313957473,48.7839181,2.3409212,1,48.7839181,2.3409212,,,,,,,,,,
313957571,48.7862446,2.3431716,0,,,,,,,,,,,,
313957575 / 313957577,48.7844035,2.3424142,0,,,,,,,,,,,,
313957675,48.7857747,2.3419199,0,,,,,,,,,,,,
313957731 / 313957737 / 313957877 / 465656232,48.7860792,2.3419792,2,48.7859936,2.3420797,48.7859883,2.3421082,,,,,,,,
313957879 / 6285126022,48.7863766,2.3422077,2,48.7863643,2.3422976,48.7862895,2.3421814,,,,,,,,
313957881,48.7867419,2.3422712,0,,,,,,,,,,,,
313957975,48.7861275,2.3440258,0,,,,,,,,,,,,
313957980,48.7842122,2.3432337,0,,,,,,,,,,,,
313958035 / 313958036 / 313958468 / 313958559 / 313958618 / 1678178014,48.784313,2.3412229,3,48.7842199,2.3413514,48.784221,2.3412388,48.7841274,2.3411682,,,,,,
313958620,48.7848582,2.3415026,0,,,,,,,,,,,,
313958868 / 4279903405,48.774302,2.3397096,0,,,,,,,,,,,,
317131467,48.7718449,2.3265565,2,48.7717847,2.3267033,48.7717768,2.3264879,,,,,,,,
317131473,48.7704773,2.3315437,0,,,,,,,,,,,,
317131474,48.7703133,2.332321,0,,,,,,,,,,,,
317131475,48.7701012,2.3333618,3,48.7701256,2.3332423,48.7702091,2.333425,48.7700197,2.3333141,,,,,,
317131562,48.7710375,2.3288514,4,48.7709613,2.3288656,48.7710995,2.3287066,48.7710915,2.3288666,48.7709789,2.3290269,,,,
317131770,48.7730898,2.3322624,0,,,,,,,,,,,,
317131773,48.771374,2.3310129,0,,,,,,,,,,,,
317131976,48.7736496,2.3308228,0,,,,,,,,,,,,
317132170,48.7724405,2.3317758,0,,,,,,,,,,,,
317132474,48.7704552,2.3254575,4,48.7705229,2.3255013,48.7704911,2.3253638,48.7703938,2.3254177,48.7704263,2.3255418,,,,
317132479,48.7730809,2.3275582,1,48.7730929,2.3275256,,,,,,,,,,
317132516 / 317132517,48.7738285,2.3263627,1,48.7737571,2.3263576,,,,,,,,,,
317132523,48.7753697,2.3282929,1,48.775307,2.3283138,,,,,,,,,,
317132581,48.7696259,2.3291629,4,48.7696268,2.3290962,48.7696244,2.3292676,48.7695606,2.3291303,48.7696985,2.3291986,,,,
317132769,48.7702226,2.3263689,4,48.7702389,2.3262967,48.7702716,2.3263984,48.7702052,2.3264434,48.77017,2.326341,,,,
317132774,48.7712086,2.3283844,2,48.7712526,2.3282656,48.7711585,2.3282395,,,,,,,,
317132987,48.7713569,2.3231048,2,48.7713028,2.3230738,48.7713278,2.3232093,,,,,,,,
317132992,48.7693273,2.330968,0,,,,,,,,,,,,
317133105,48.7664486,2.3279212,2,48.7664857,2.3279338,48.7664543,2.3278691,,,,,,,,
317133106,48.7676218,2.328304,1,48.7675692,2.3282876,,,,,,,,,,
317773434,48.7827544,2.3360099,1,48.7828313,2.3361026,,,,,,,,,,
317773436,48.7831136,2.3363369,0,,,,,,,,,,,,
317782171 / 5252220131,48.780002,2.3368541,2,48.7800487,2.336877,48.7800131,2.3367869,,,,,,,,
317782174,48.7804716,2.3370771,2,48.7804798,2.3370185,48.7805327,2.3371712,,,,,,,,
317782180,48.7827512,2.3378402,0,,,,,,,,,,,,
317782194,48.7800894,2.3351921,3,48.7799707,2.3351725,48.7801662,2.335205,48.7800743,2.3353451,,,,,,
330298782,48.7774434,2.3511132,4,48.7774806,2.3510443,48.7773774,2.3510383,48.7774815,2.3511544,48.7773904,2.3511849,,,,
330298984,48.778,2.3526531,0,,,,,,,,,,,,
330298985 / 330299533 / 339430393,48.7786185,2.3548179,2,48.7786999,2.3548254,48.7785924,2.3547204,,,,,,,,
330299021,48.7763765,2.3538806,1,48.7764067,2.3538193,,,,,,,,,,
330299029,48.7770276,2.3518676,2,48.7770859,2.3517462,48.7770551,2.351904,,,,,,,,
330299114,48.7773987,2.3530893,0,,,,,,,,,,,,
330299115 / 1690643173,48.7778875,2.3547756,4,48.7778038,2.354838,48.7778063,2.3548322,48.777961,2.3547782,48.7778626,2.3546897,,,,
330299181,48.7788318,2.3520449,2,48.7787972,2.3520702,48.778786,2.3519451,,,,,,,,
330299217 / 1715871226,48.7779657,2.3501294,3,48.7780131,2.3502438,48.7779702,2.3499311,48.7778605,2.3503277,,,,,,
330299417,48.7791281,2.3526902,1,48.7791013,2.3527221,,,,,,,,,,
330299493,48.7782938,2.3536847,0,,,,,,,,,,,,
330299496,48.7794721,2.3534457,1,48.7794426,2.3534819,,,,,,,,,,
330299542,48.7785262,2.3513794,1,48.7784887,2.3514067,,,,,,,,,,
330299560,48.7778053,2.3519045,0,,,,,,,,,,,,
330300000 / 1715871204,48.7782733,2.3508215,2,48.7783137,2.350773,48.7783291,2.3509396,,,,,,,,
330300143 / 1715871215,48.7788331,2.3502259,0,,,,,,,,,,,,
330300317,48.7804732,2.3484084,0,,,,,,,,,,,,
330300321,48.7805476,2.3493014,0,,,,,,,,,,,,
330300549 / 330301135,48.7799889,2.3498857,0,,,,,,,,,,,,
330300550 / 1690661106 / 1781381171,48.7792574,2.34967,0,,,,,,,,,,,,
330300552,48.7796005,2.3504846,0,,,,,,,,,,,,
330300890,48.7808102,2.3504379,0,,,,,,,,,,,,
330300892,48.7805488,2.3499476,0,,,,,,,,,,,,
330301285,48.7798202,2.3490853,0,,,,,,,,,,,,
330301288,48.7785034,2.3485368,2,48.7785074,2.348356,48.7785868,2.3485016,,,,,,,,
330301289,48.7780201,2.3485272,3,48.7780823,2.3485312,48.7780244,2.3483845,48.7780147,2.348652,,,,,,
339430396,48.778774,2.3569244,0,,,,,,,,,,,,
339430399 / 563965605,48.7760315,2.3578747,2,48.775986,2.3577655,48.7761408,2.3578368,,,,,,,,
348090189 / 6341794073 / 6790257038,48.7715586,2.3343481,1,48.7715786,2.3342828,,,,,,,,,,
364367090 / 2457925514,48.7796657,2.3671848,1,48.7798191,2.3672548,,,,,,,,,,
432004064 / 1297696820,48.7724087,2.32357,0,,,,,,,,,,,,
432004066 / 432004075 / 432004081 / 432004087 / 432004089,48.7734371,2.3239649,3,48.7734998,2.3240538,48.7734781,2.3241448,48.77346,2.3238549,,,,,,
465630601 / 1720251418 / 5351799613 / 7283148604,48.7905326,2.3436906,0,,,,,,,,,,,,
465631859,48.7891435,2.343206,0,,,,,,,,,,,,
470962105,48.7837847,2.3281624,1,48.7836388,2.3281135,,,,,,,,,,
560853429,48.7761302,2.3418679,2,48.7761804,2.341883,48.7761529,2.3417202,,,,,,,,
560853431,48.7762603,2.3410227,2,48.776251,2.3410825,48.7763138,2.3410385,,,,,,,,
560853437,48.7754943,2.3446124,2,48.7755548,2.3446428,48.7755204,2.3445197,,,,,,,,
560853439,48.7757489,2.3437302,1,48.7757982,2.3437577,,,,,,,,,,
560853440,48.7761883,2.3439719,0,,,,,,,,,,,,
560853447,48.7786969,2.3418083,2,48.7787743,2.3418508,48.7786239,2.341847,,,,,,,,
560853473,48.7748176,2.3481113,1,48.7748565,2.3479966,,,,,,,,,,
560853474,48.774427,2.3496854,2,48.7744673,2.3497307,48.7743966,2.3498122,,,,,,,,
560853476,48.774603,2.348955,2,48.7746386,2.3489942,48.7746301,2.3488313,,,,,,,,
560853491,48.7781129,2.3456994,2,48.7781085,2.3458254,48.7780942,2.3456976,,,,,,,,
560853496,48.7739359,2.3518393,4,48.7738333,2.3517517,48.7738543,2.3520155,48.7739959,2.3518923,48.7739724,2.3516759,,,,
560853498 / 5274330085,48.7754323,2.3530513,2,48.7754597,2.3530013,48.7753291,2.3529689,,,,,,,,
560853501,48.7764979,2.3510881,0,,,,,,,,,,,,
560853502,48.7761846,2.3516791,0,,,,,,,,,,,,
560853504,48.7837531,2.339164,0,,,,,,,,,,,,
560853507,48.7805231,2.3403825,2,48.7804946,2.3402092,48.7804641,2.3402347,,,,,,,,
560853513 / 5766318527,48.781277,2.3421469,1,48.78137,2.3420814,,,,,,,,,,
563964293,48.7792996,2.36381,0,,,,,,,,,,,,
563964294,48.7785714,2.3595679,2,48.778446,2.3594753,48.7786799,2.3596397,,,,,,,,
587384658,48.7694771,2.3216839,3,48.7694392,2.3216449,48.7694526,2.3217719,48.7695444,2.3217425,,,,,,
587384703 / 587386706 / 826649983,48.7687459,2.3243598,3,48.7686693,2.3243197,48.7685239,2.3243862,48.7687638,2.3242938,,,,,,
587387080,48.7691062,2.3271022,0,,,,,,,,,,,,
587387083,48.7687693,2.328721,2,48.7687164,2.3286976,48.7687836,2.3286523,,,,,,,,
587393143 / 1690150701 / 4889915212 / 5158772104,48.7671961,2.3191118,4,48.7671058,2.3190658,48.7672185,2.3190189,48.7671497,2.3192508,48.7672453,2.3191474,,,,
587393775 / 587397678,48.7662066,2.323152,1,48.7662066,2.323152,,,,,,,,,,
587404341 / 798421862 / 798427106,48.7674507,2.3313348,1,48.7676357,2.3313404,,,,,,,,,,
587404690,48.7665351,2.3305632,0,,,,,,,,,,,,
745236131 / 2562470319,48.7718594,2.3450942,0,,,,,,,,,,,,
745236203 / 2562470318,48.7716886,2.3461773,0,,,,,,,,,,,,
797052160,48.7661621,2.3278453,1,48.766145,2.3279186,,,,,,,,,,
798407909,48.765268,2.3298337,3,48.7652323,2.3297794,48.7652351,2.3299671,48.7652849,2.3297265,,,,,,
798421863,48.767422,2.3305634,0,,,,,,,,,,,,
798427118,48.7653273,2.3293137,0,,,,,,,,,,,,
798517235,48.7660958,2.3324368,0,,,,,,,,,,,,
798517239 / 2393053875,48.7647684,2.3318291,0,,,,,,,,,,,,
798517246,48.7663028,2.3315292,0,,,,,,,,,,,,
798517250 / 1675844808,48.7649946,2.3309153,0,,,,,,,,,,,,
798517258,48.769444,2.3302986,0,,,,,,,,,,,,
798517261,48.7697552,2.3312236,0,,,,,,,,,,,,
798517263,48.7695767,2.332072,0,,,,,,,,,,,,
798517266,48.7693699,2.3329386,0,,,,,,,,,,,,
798517566,48.7660057,2.3285153,0,,,,,,,,,,,,
798534634,48.7685735,2.3325485,0,,,,,,,,,,,,
798534673 / 798534677,48.7684948,2.3317277,0,,,,,,,,,,,,
826649956,48.7686521,2.3221655,0,,,,,,,,,,,,
826649958,48.7681982,2.3240842,2,48.7680082,2.3239868,48.7682157,2.3240086,,,,,,,,
826649960,48.7692394,2.3225477,2,48.7692723,2.322579,48.7692501,2.3225054,,,,,,,,
826649961,48.7669629,2.3197939,1,48.7670067,2.3198179,,,,,,,,,,
826649964,48.7680928,2.3206686,0,,,,,,,,,,,,
826649965,48.7679022,2.3219009,0,,,,,,,,,,,,
826649984,48.766366,2.322325,1,48.7663424,2.3224475,,,,,,,,,,
826649990 / 2400583724,48.7665518,2.321331,0,,,,,,,,,,,,
826650021,48.7710148,2.3240792,1,48.7709859,2.3240071,,,,,,,,,,
919763765 / 6038935379 / 6668518102,48.7696659,2.3188119,0,,,,,,,,,,,,
964887258,48.7761077,2.3247754,0,,,,,,,,,,,,
999434900,48.7772617,2.3250343,0,,,,,,,,,,,,
999434911,48.7777326,2.3265697,0,,,,,,,,,,,,
1025914850,48.7747538,2.3396814,0,,,,,,,,,,,,
1197362629,48.7663021,2.3339043,1,48.76632,2.333819,,,,,,,,,,
1356292012,48.7780747,2.3468666,0,,,,,,,,,,,,
1356292146 / 2457089700 / 2457089702,48.7712198,2.3497203,1,48.7712572,2.3499262,,,,,,,,,,
1356301083,48.7712934,2.3487801,0,,,,,,,,,,,,
1356301119,48.7713665,2.3483491,0,,,,,,,,,,,,
1356301124,48.7719708,2.3446144,0,,,,,,,,,,,,
1674833970,48.772771,2.3509158,0,,,,,,,,,,,,
1680140050,48.7773728,2.3422222,1,48.7773728,2.3422222,,,,,,,,,,
1680140062,48.7759335,2.3430623,1,48.7759335,2.3430623,,,,,,,,,,
1680216488 / 1680216490,48.771585,2.3468758,2,48.7716217,2.3470393,48.7715733,2.3470227,,,,,,,,
1683534133 / 3153743487 / 3282093191 / 7276597636 / 11928454084,48.7759602,2.3305303,2,48.7759868,2.330408,48.7760278,2.3305176,,,,,,,,
1684920862,48.7721746,2.3434645,0,,,,,,,,,,,,
1690166431,48.7787888,2.3611826,0,,,,,,,,,,,,
1690661107,48.7801484,2.3516493,0,,,,,,,,,,,,
1692368501,48.7724867,2.3339245,0,,,,,,,,,,,,
1715871218 / 1715871239,48.7785723,2.3495102,0,,,,,,,,,,,,
1715871228,48.7782669,2.3501813,0,,,,,,,,,,,,
1715877225,48.7782048,2.3430698,3,48.7782098,2.3429272,48.7781823,2.3431446,48.7781854,2.3430557,,,,,,
1720232442,48.7778544,2.335022,1,48.7778544,2.335022,,,,,,,,,,
1720241151,48.7775497,2.3359173,3,48.7775965,2.3359781,48.7775,2.3359957,48.777585,2.3358114,,,,,,
1720251430 / 1786395895 / 1921935686 / 5131676692 / 6308248521,48.7832483,2.3453751,1,48.7831203,2.3452898,,,,,,,,,,
1722620071,48.7880143,2.3428636,0,,,,,,,,,,,,
1787641378,48.7804052,2.35137,0,,,,,,,,,,,,
1793166014,48.767121,2.3310323,0,,,,,,,,,,,,
1805288394,48.7792191,2.328043,3,48.7793174,2.3278554,48.7792698,2.328038,48.77933,2.3278757,,,,,,
1805288396 / 12105311845,48.7803304,2.3250371,0,,,,,,,,,,,,
1809672275,48.7787526,2.3339982,0,,,,,,,,,,,,
1833646284,48.7843638,2.3329998,0,,,,,,,,,,,,
1833978777,48.7822757,2.3357662,0,,,,,,,,,,,,
1833986991,48.7776103,2.331113,2,48.777605,2.3310055,48.777705,2.3311999,,,,,,,,
1833987001,48.7767362,2.3300027,0,,,,,,,,,,,,
1833987033,48.7776427,2.3273876,2,48.7775464,2.3273114,48.7775721,2.3273315,,,,,,,,
1888131027 / 1888131028,48.7844918,2.3471318,0,,,,,,,,,,,,
2106630348,48.7749781,2.3278626,0,,,,,,,,,,,,
2384238258,48.7745312,2.3303752,0,,,,,,,,,,,,
2400583705,48.768485,2.3268036,0,,,,,,,,,,,,
2400789766,48.7659311,2.3265266,0,,,,,,,,,,,,
2457925510 / 2577872046,48.7793023,2.3672076,2,48.779356,2.3670428,48.7793411,2.3670075,,,,,,,,
2558618770,48.7783571,2.3642853,0,,,,,,,,,,,,
2577872037 / 2577872039,48.7791219,2.366463,0,,,,,,,,,,,,
3153743484,48.7759912,2.3300741,1,48.7759912,2.3300741,,,,,,,,,,
3153743494,48.7762217,2.3307526,1,48.7761615,2.3305812,,,,,,,,,,
3282056573 / 3282056574,48.7734087,2.3314493,0,,,,,,,,,,,,
3376500353,48.7828601,2.3398066,0,,,,,,,,,,,,
3451081189,48.780611,2.3360859,0,,,,,,,,,,,,
3880633703,48.7812218,2.3264466,1,48.7811206,2.3265269,,,,,,,,,,
3880633708,48.7819229,2.3258421,1,48.7818515,2.3257954,,,,,,,,,,
3887858424,48.7670522,2.3303321,0,,,,,,,,,,,,
3887873225,48.7807325,2.351014,0,,,,,,,,,,,,
3901381278,48.7759064,2.326294,0,,,,,,,,,,,,
4274867019,48.7707577,2.324667,0,,,,,,,,,,,,
5244199529,48.7763466,2.3242574,2,48.7763179,2.3243208,48.7763533,2.3241009,,,,,,,,
5309141415 / 6219856846,48.7779941,2.3346335,0,,,,,,,,,,,,
5351174511 / 5351174512,48.7831651,2.3412396,0,,,,,,,,,,,,
5503349726,48.7820412,2.3423281,1,48.7820046,2.3423247,,,,,,,,,,
5758559287,48.7667066,2.3257245,0,,,,,,,,,,,,
6285126023,48.7863027,2.3427471,0,,,,,,,,,,,,
6433735069,48.7916264,2.3437753,0,,,,,,,,,,,,
6673844783,48.7788895,2.3376301,1,48.7789286,2.3374141,,,,,,,,,,
6681649436,48.7840913,2.3282665,1,48.7840817,2.3283393,,,,,,,,,,
7026125160,48.7755514,2.3398373,0,,,,,,,,,,,,
8614978705,48.7842781,2.3420293,0,,,,,,,,,,,,
8979962990 / 12752966044,48.7796824,2.3410087,5,48.779612,2.340994,48.7796233,2.3408892,48.7796718,2.3411117,48.7797719,2.3409199,48.7797607,2.3410264,,
9178383991 / 9178383992,48.7810463,2.3323617,0,,,,,,,,,,,,
9665392649,48.780175,2.3531776,0,,,,,,,,,,,,
11198019775 / 11198019780,48.7796928,2.3656352,0,,,,,,,,,,,,
12106881035,48.78248,2.3296831,0,,,,,,,,,,,,
13289552114,48.7775086,2.3332586,0,,,,,,,,,,,,
