intersection,latitude,longitude,nb_passages_pietons,latitude_pp1,longitude_pp1,latitude_pp2,longitude_pp2,latitude_pp3,longitude_pp3,latitude_pp4,longitude_pp4,latitude_pp5,longitude_pp5
30677967,48.8248041,2.2818471,2,48.8246653,2.2820197,48.8245846,2.2818254,,,,,,
30677968,48.8220354,2.2852815,2,48.822133,2.2853608,48.8221397,2.2850971,,,,,,
30732893,48.8230694,2.281573,0,,,,,,,,,,
30732894,48.8234216,2.2822894,3,48.82341,2.2823702,48.8232951,2.2822961,48.8233808,2.2822065,,,,
30733085,48.8226751,2.282292,0,,,,,,,,,,
30733088,48.8216618,2.2817755,2,48.8217227,2.2818369,48.8216042,2.2818459,,,,,,
30793840,48.8232481,2.2825933,1,48.8231688,2.2825534,,,,,,,,
30793841,48.8216502,2.2843176,3,48.8215985,2.284326,48.8216683,2.284387,48.8216919,2.2842729,,,,
129500041,48.8221993,2.2837283,2,48.8223158,2.2836022,48.8222362,2.2838011,,,,,,
129500123,48.8226061,2.2845313,1,48.8225648,2.2844499,,,,,,,,
132763858,48.8262976,2.286238,0,,,,,,,,,,
132763861,48.8252457,2.286994,2,48.8251469,2.2870593,48.8252838,2.2871418,,,,,,
132763862,48.8242448,2.2876107,2,48.8242751,2.2876711,48.8243375,2.287553,,,,,,
132763868,48.8232197,2.2882312,2,48.8231723,2.2882932,48.8231807,2.2881598,,,,,,
132763871,48.8233544,2.2885026,1,48.8234119,2.2886051,,,,,,,,
132764930,48.8236348,2.2890197,1,48.8235882,2.2890645,,,,,,,,
132764932,48.8240775,2.2898795,1,48.8240331,2.2899313,,,,,,,,
132764934,48.8242911,2.290303,1,48.8243294,2.2902441,,,,,,,,
132764941,48.8253494,2.2923621,1,48.8253168,2.2922992,,,,,,,,
132765470,48.825466,2.2925431,0,,,,,,,,,,
132765471,48.8254807,2.2924599,1,48.8255617,2.2924471,,,,,,,,
132765473,48.8254427,2.2923626,1,48.8254662,2.2922563,,,,,,,,
132765474,48.8253135,2.2924916,0,,,,,,,,,,
132765476,48.8253648,2.2925894,1,48.8253292,2.2927778,,,,,,,,
132766559,48.8272038,2.2918492,0,,,,,,,,,,
132766569,48.8259962,2.2898674,2,48.8259839,2.2899383,48.8260567,2.2899298,,,,,,
132766574,48.8256723,2.2886498,2,48.8256179,2.2887197,48.8257053,2.2887782,,,,,,
132770081,48.8202192,2.2907284,0,,,,,,,,,,
132770082,48.820268,2.2909358,0,,,,,,,,,,
132770087,48.8204648,2.2906621,0,,,,,,,,,,
132770089,48.8203827,2.2905736,0,,,,,,,,,,
132779908,48.821973,2.2938104,4,48.821922,2.293882,48.821935,2.2937447,48.8220139,2.2938802,48.822007,2.2937532,,
132779918,48.8247634,2.2995577,1,48.8246598,2.299639,,,,,,,,
173850049,48.8229027,2.2923625,4,48.8228473,2.2924425,48.8229457,2.2922854,48.8229758,2.2924135,48.8228207,2.2923027,,
173857075,48.823853,2.2930057,3,48.8236658,2.2928948,48.823932,2.2930022,48.8239002,2.293106,,,,
176734824,48.824814,2.2955223,0,,,,,,,,,,
176735394,48.8237371,2.2972682,2,48.8237899,2.2971871,48.8236917,2.2971825,,,,,,
176738029,48.8252513,2.296618,3,48.8252233,2.2966516,48.8252084,2.2965095,48.82528,2.2966295,,,,
176738031,48.8255575,2.2967407,0,,,,,,,,,,
176738033,48.8257595,2.2968483,0,,,,,,,,,,
176742668,48.8219741,2.2858594,0,,,,,,,,,,
176748556,48.8231051,2.2925023,1,48.8231034,2.2926849,,,,,,,,
176749910,48.8224581,2.2930502,1,48.8225076,2.2931155,,,,,,,,
176755414,48.8234998,2.2967884,3,48.8235739,2.2969476,48.8234572,2.2966869,48.823549,2.2967126,,,,
176756824,48.8241117,2.298056,3,48.8240246,2.2980203,48.8240691,2.2979647,48.8241642,2.297992,,,,
176763628,48.8195978,2.2933029,1,48.8195462,2.2934624,,,,,,,,
176764787,48.8187,2.2916639,4,48.8186295,2.2915291,48.8187511,2.2915931,48.8187424,2.2917448,48.8186458,2.2917445,,
176764791,48.8181138,2.290564,2,48.8180645,2.2906502,48.8181768,2.290681,,,,,,
176765112,48.8190033,2.2912766,2,48.8190614,2.2912144,48.8189682,2.2912008,,,,,,
176784883,48.8237268,2.2879143,1,48.8237606,2.2879813,,,,,,,,
176785475,48.824702,2.2898018,4,48.8247427,2.2897537,48.8246551,2.2898575,48.8246763,2.2897524,48.8247294,2.2898551,,
176785476,48.8256179,2.2915754,2,48.8255664,2.2914792,48.825646,2.291449,,,,,,
176786045,48.8251168,2.2893108,4,48.8250826,2.2892441,48.8250827,2.2893536,48.8251484,2.2893724,48.825158,2.2892618,,
176786046,48.825818,2.2906762,3,48.8257524,2.2905486,48.8258501,2.2905285,48.8258763,2.2907099,,,,
176786328,48.8248175,2.2872624,1,48.8248348,2.2873265,,,,,,,,
176787281,48.8253094,2.2890825,1,48.8252969,2.2890361,,,,,,,,
176791020,48.8234016,2.2881187,1,48.8235103,2.288051,,,,,,,,
176791709,48.8270882,2.2831009,2,48.8271206,2.283211,48.8270463,2.2832386,,,,,,
176792953,48.8249087,2.2915123,1,48.8248729,2.2915559,,,,,,,,
176793392,48.824296,2.2928621,1,48.8242671,2.2927792,,,,,,,,
176800941,48.8214541,2.2897295,0,,,,,,,,,,
176802132,48.8213211,2.2912415,2,48.8213796,2.2911807,48.8214095,2.2913052,,,,,,
176803568,48.8219018,2.290551,1,48.821882,2.2905146,,,,,,,,
176811518,48.8195488,2.2886237,2,48.8195757,2.2887019,48.8195086,2.2886675,,,,,,
176811519,48.818824,2.2868078,2,48.8187668,2.2868605,48.8187891,2.2867147,,,,,,
176811520,48.8183416,2.2853972,2,48.8182814,2.2854651,48.8183761,2.2855342,,,,,,
176811524,48.8182046,2.2846268,5,48.8180862,2.284708,48.8182007,2.28479,48.8183202,2.2847392,48.8183483,2.2845872,48.8181475,2.2844941
176812884,48.8183968,2.2872017,1,48.8184183,2.2872564,,,,,,,,
176813206,48.8191332,2.2890773,1,48.8191137,2.2890276,,,,,,,,
176813600,48.8187648,2.2895301,2,48.8187364,2.2894709,48.8188059,2.2894703,,,,,,
176814609,48.8179372,2.2877357,4,48.8178931,2.2877893,48.8179084,2.2876722,48.8179804,2.2876802,48.8179641,2.2877939,,
176814611,48.8169693,2.2856005,4,48.8170189,2.2855613,48.8169459,2.2855466,48.8169972,2.2856627,48.816934,2.2856279,,
176814612,48.8165603,2.2846549,1,48.8165882,2.2847196,,,,,,,,
176816577,48.8175433,2.283807,1,48.8174816,2.2838602,,,,,,,,
176817683,48.8176021,2.2861493,0,,,,,,,,,,
176817684,48.8173279,2.2864017,1,48.8173793,2.2863544,,,,,,,,
176820196,48.8153293,2.2825578,1,48.815378,2.2825133,,,,,,,,
176822339,48.8151175,2.2807673,0,,,,,,,,,,
176822341,48.815056,2.2801505,0,,,,,,,,,,
176825007,48.8150431,2.2812568,0,,,,,,,,,,
178755368,48.8174537,2.2770963,2,48.8174039,2.2772537,48.8173485,2.2771488,,,,,,
178755369,48.8163975,2.277657,2,48.8164055,2.2777417,48.8164451,2.2776316,,,,,,
178755519,48.8165207,2.2789585,5,48.8164743,2.2790444,48.8164369,2.2788578,48.8165053,2.2787958,48.8165633,2.2788769,48.8165569,2.2790017
178761791,48.8202861,2.2858694,4,48.8203026,2.285697,48.8201189,2.2859768,48.8202705,2.2860109,48.8203724,2.2858819,,
178761793,48.8208049,2.2859778,3,48.820648,2.285945,48.8207611,2.2859686,48.8208107,2.2859066,,,,
178761794,48.8219221,2.2852817,2,48.8218492,2.2853337,48.8218913,2.2851343,,,,,,
178761839,48.8194749,2.2883965,2,48.8195608,2.2883062,48.8194356,2.2883007,,,,,,
178762166,48.8200509,2.2874388,2,48.820065,2.2873469,48.8201024,2.2874516,,,,,,
178762171,48.8206168,2.284856,3,48.8205807,2.2849567,48.8206326,2.2847752,48.8205494,2.2847519,,,,
178762173,48.8208087,2.2837007,1,48.8208032,2.2839247,,,,,,,,
178762426,48.8206431,2.2876192,2,48.8206868,2.2876344,48.8206565,2.2875492,,,,,,
178762428,48.8212476,2.2880192,1,48.8212025,2.2879787,,,,,,,,
178762726,48.821203,2.2857379,2,48.821225,2.2857247,48.8211896,2.2858574,,,,,,
178763468,48.8200434,2.2839934,2,48.8200798,2.284047,48.8200692,2.283962,,,,,,
178763469,48.8201242,2.2838941,1,48.8201512,2.2839309,,,,,,,,
178763472,48.8207127,2.2843672,1,48.8206777,2.2843508,,,,,,,,
178764025,48.8206321,2.2830328,4,48.8206612,2.2831289,48.8206741,2.2829815,48.8206095,2.282952,48.8205796,2.283101,,
178764026,48.8202553,2.2835223,1,48.8203378,2.2834151,,,,,,,,
178767525,48.820863,2.2852669,0,,,,,,,,,,
178768819,48.8184253,2.290052,0,,,,,,,,,,
243026054,48.8263455,2.285917,1,48.8263489,2.2858863,,,,,,,,
243027738,48.8275095,2.2845637,2,48.8274613,2.2847234,48.827482,2.2844517,,,,,,
243027859,48.8274265,2.2859162,0,,,,,,,,,,
280734551,48.8264841,2.2863787,2,48.8264841,2.2863787,48.8264986,2.2864874,,,,,,
280734634,48.8260035,2.2865365,2,48.8259939,2.2865433,48.8260358,2.2866505,,,,,,
575742575,48.8203663,2.2909766,0,,,,,,,,,,
575742807,48.819705,2.2933943,1,48.8197632,2.293444,,,,,,,,
597677302,48.8269289,2.2862331,1,48.8269111,2.2861442,,,,,,,,
597677354,48.8267833,2.2855042,1,48.8268004,2.2855898,,,,,,,,
597682795,48.8264273,2.2860111,1,48.8264273,2.2860111,,,,,,,,
597683550,48.8264001,2.2864246,0,,,,,,,,,,
597684942,48.8261338,2.2864914,0,,,,,,,,,,
597685676,48.8262672,2.2864671,0,,,,,,,,,,
605511204,48.8205588,2.2904637,1,48.8205588,2.2904637,,,,,,,,
605517709,48.8208417,2.2918318,2,48.8208926,2.2917592,48.8208919,2.2919206,,,,,,
605545821,48.824064,2.2981182,0,,,,,,,,,,
605553958,48.8244402,2.2988605,0,,,,,,,,,,
605558413,48.8243382,2.2985558,1,48.8243735,2.2985102,,,,,,,,
605570157,48.8196021,2.2938646,0,,,,,,,,,,
605570410,48.8194862,2.2937373,0,,,,,,,,,,
622455725,48.8175772,2.2851129,0,,,,,,,,,,
622463745,48.8185036,2.2850183,0,,,,,,,,,,
622485545,48.8200021,2.2898962,0,,,,,,,,,,
1554069397,48.820095,2.2839305,1,48.820095,2.2839305,,,,,,,,
1699653240,48.8258142,2.2968728,0,,,,,,,,,,
1754351083,48.8204705,2.2906754,0,,,,,,,,,,
1754351087,48.8204762,2.290844,0,,,,,,,,,,
1754351090,48.8204536,2.2909029,0,,,,,,,,,,
1754351094,48.8202526,2.2906313,1,48.8200904,2.2905526,,,,,,,,
1754351095,48.8203291,2.290571,1,48.8202392,2.290381,,,,,,,,
2058189327,48.818487,2.2919574,0,,,,,,,,,,
2289602059,48.8206457,2.2907845,0,,,,,,,,,,
2289602060,48.820646,2.290199,0,,,,,,,,,,
3095304673,48.8259758,2.2969506,0,,,,,,,,,,
3169265275,48.8197265,2.2906996,0,,,,,,,,,,
3170994611,48.82149,2.2897953,1,48.82149,2.2897953,,,,,,,,
3175095844,48.8195131,2.2932183,1,48.8195463,2.2932589,,,,,,,,
3175095846,48.8196556,2.293623,1,48.8196733,2.2935399,,,,,,,,
3382926537,48.8270174,2.2923272,1,48.8270731,2.2923209,,,,,,,,
3421986617,48.8245799,2.2919108,0,,,,,,,,,,
3435220651,48.816802,2.285215,0,,,,,,,,,,
3523110359,48.820399,2.2909662,0,,,,,,,,,,
3585479193,48.8188768,2.2920064,0,,,,,,,,,,
4250154474,48.8192006,2.2926274,0,,,,,,,,,,
4474760435,48.8236693,2.2822036,1,48.8238516,2.2821396,,,,,,,,
4474760440,48.8249508,2.2816583,0,,,,,,,,,,
4474767664,48.821185,2.291257,1,48.8212532,2.2913292,,,,,,,,
4474767669,48.8206108,2.2908875,1,48.8206108,2.2908875,,,,,,,,
4826882045,48.8149801,2.278241,1,48.8149655,2.2782215,,,,,,,,
4893542264,48.8234418,2.2882957,0,,,,,,,,,,
5225408365,48.8171065,2.2817184,0,,,,,,,,,,
6287132659,48.8202901,2.2912394,1,48.8202277,2.2910933,,,,,,,,
7156636625,48.8206871,2.2897784,0,,,,,,,,,,
7471934802,48.8272028,2.2919802,1,48.8272028,2.2920128,,,,,,,,
7471962068,48.8242267,2.2904022,1,48.8242477,2.2903781,,,,,,,,
7471962069,48.8242457,2.2902093,1,48.824258,2.2902337,,,,,,,,
7471962070,48.8243412,2.2904182,1,48.8243193,2.2903634,,,,,,,,
7471962071,48.825566,2.2926385,1,48.8255434,2.2926181,,,,,,,,
7471962072,48.8252164,2.2925238,1,48.8252495,2.2925129,,,,,,,,
7624168245,48.8209403,2.2911127,0,,,,,,,,,,
7862010604,48.822929,2.2874891,2,48.8229568,2.2873604,48.822929,2.2874891,,,,,,
7862010605,48.8230029,2.2875535,0,,,,,,,,,,
8077923086,48.8153366,2.2775301,1,48.8153693,2.2775683,,,,,,,,
8077923088,48.8153898,2.2774061,1,48.8154152,2.2774132,,,,,,,,
8142334867,48.8215444,2.2896376,1,48.8215444,2.2896376,,,,,,,,
8142334868,48.8213963,2.2897868,1,48.8213963,2.2897868,,,,,,,,
8281060791,48.81501,2.2784066,1,48.8149621,2.2783598,,,,,,,,
8281060792,48.8151385,2.278485,0,,,,,,,,,,
8888662986,48.8185888,2.28618,1,48.8185688,2.2861265,,,,,,,,
10221746293,48.8149026,2.2781081,1,48.8149456,2.2780489,,,,,,,,
10221746294,48.8148357,2.2781234,0,,,,,,,,,,
10221746296,48.814807,2.2780255,1,48.814895,2.277969,,,,,,,,
10550640485,48.8219309,2.2840164,0,,,,,,,,,,
12053130895,48.8200765,2.2920192,0,,,,,,,,,,
12204923152,48.8207832,2.2903143,1,48.8206988,2.2903857,,,,,,,,
13039623751,48.8197647,2.2901474,0,,,,,,,,,,
13066182665,48.8214397,2.2855904,0,,,,,,,,,,
13598458958,48.8172229,2.2822171,0,,,,,,,,,,
13598582528,48.8177926,2.2836428,0,,,,,,,,,,
13598582530,48.8179332,2.2839913,1,48.8178128,2.2839344,,,,,,,,
