latitude;longitude;intersection;nb_traversees;equipe
48.8518297;2.2054776;27373654;2;2
48.8506426;2.2042451;27373680;0;2
48.8499963;2.1978303;83043867;3;2
48.8497955;2.198767;83043871;1;2
48.8510243;2.1997337;83043872;1;2
48.8474699;2.1979979;83051596;1;2
48.847363;2.1978531;83051597;0;2
48.8472912;2.1978088;83051598;1;2
48.8402469;2.1926901;83058753;1;4
48.8398045;2.1909221;83058763;0;4
48.8384869;2.1718005;83058781;1;5
48.8384337;2.1712416;83058784;1;5
48.8428311;2.1713946;204014692;0;5
48.84704;2.1817998;204025012;1;3
48.8449114;2.1982838;237157358;0;4
48.843636;2.1989778;237164541;1;4
48.8468784;2.1952101;255027677;1;2
48.8469722;2.1942247;255027679;0;2
48.8466329;2.1927727;255027682;1;4
48.8464825;2.19221;255027683;2;4
48.8458673;2.1892684;255027688 / Rue Henri Regnault / Rue de Suresnes;3;3
48.8456556;2.1884435;255027691 / Rue de l'Église / Rue de Suresnes;1;3
48.8457284;2.1873896;255027696;0;3
48.8495139;2.1871614;255027788;0;3
48.8505043;2.1852948;255027792;2;3
48.8464259;2.1893256;255027857;1;3
48.847813;2.1896629;255027862;2;3
48.8507158;2.1907496;255027876;2;2
48.8514718;2.1915031;255027879;2;2
48.8486835;2.1877591;255027978;0;3
48.8492081;2.1868848;255027982;0;3
48.8476745;2.1841006;255028189;4;3
48.8480595;2.1824286;255028192;1;3
48.8450129;2.1867274;255028212 / Rue Athime Rué / Rue de Suresnes;4;3
48.8466542;2.1832511;255028260;1;3
48.8485574;2.1854618;255028295;0;3
48.8527621;2.1947588;255028377;1;2
48.8529181;2.1951134;255028378;1;2
48.8501429;2.2028786;255028417;1;2
48.8502588;2.2022948;255028418;2;2
48.8455248;2.1936775;255028551;0;4
48.8453138;2.1955758;255028559;1;4
48.8452601;2.1962046;255028561;2;4
48.8452397;2.1981339;255028564;1;4
48.8510024;2.2028204;297329189;1;2
48.8513939;2.1987888;297332024;2;2
48.8511718;2.1926669;297333394;0;2
48.8496467;2.199317;297334950;2;2
48.8479408;2.1990189;297335233;1;2
48.8491686;2.1985094;297335416;0;2
48.8438348;2.1912396;370315456;1;4
48.8452512;2.1933865;370315460;0;4
48.8449586;2.193815;370315461;1;4
48.842454;2.1924164;370315496;3;4
48.8409411;2.1910202;370315500;0;4
48.8411774;2.1908068;370315591;0;4
48.8416681;2.1881918;370315593;2;1
48.842691;2.1864271;370315594;4;1
48.8406202;2.1904526;370315597;0;4
48.8414038;2.1895891;370315599;0;4
48.8397969;2.1882793;370315648;0;1
48.8403247;2.1879592;370315668;2;1
48.8428486;2.1889263;370315674;1;4
48.8439639;2.1894799;370315677;2;4
48.841988;2.1963282;370315724;1;4
48.8440182;2.1892203;370315752;1;4
48.8421343;2.1873598;370315755;3;1
48.8401409;2.1867811;370315756;0;1
48.839995;2.1821807;370315919;0;1
48.8448093;2.1869665;370315993;1;3
48.8409367;2.1859415;370316016;2;1
48.8414532;2.1820951;370316043;1;1
48.8448461;2.1865143;370317080;1;3
48.845198;2.1846106;370317081;2;3
48.8453826;2.1836031;370317082;0;3
48.8463674;2.1810964;370317084;0;3
48.8429375;2.1864979;370317170;1;1
48.8436748;2.1849648;370317185;2;1
48.8441288;2.1854286;370317370;1;3
48.8410976;2.1816759;370317373;4;1
48.838202;2.1785396;370317377;0;5
48.8425062;2.1836529;370317568;0;1
48.843406;2.1846972;370318232;2;1
48.8437208;2.1834864;370318244;0;1
48.8436135;2.1833637;370318256;0;1
48.8442764;2.1837607;370318258;1;3
48.843894;2.182568;370318268;0;3
48.8434033;2.1815651;370318269;0;1
48.8416544;2.1824415;370318306;2;1
48.8416893;2.1720289;370318331;5;5
48.8413851;2.1781028;370318370;2;5
48.8421251;2.1781405;370318380;3;5
48.8430531;2.1744065;370322801;0;5
48.8415834;2.1742412;370322812;4;5
48.8398487;2.1740405;370322813;1;5
48.8408634;2.1785505;370322861;0;5
48.8399;2.1736124;370322864;0;5
48.8436156;2.1781865;370323112;0;5
48.839189;2.1795605;370323263;0;5
48.8390887;2.1781411;370323279;0;5
48.8394861;2.1779236;370323308;0;5
48.8403997;2.17629;370323313;0;5
48.8483201;2.1904083;373461548;4;3
48.8469392;2.1893415;373784769;1;3
48.847213;2.1862261;374165081;1;3
48.8443572;2.1882448;374167417;0;3
48.8431502;2.1865843;374167427;1;1
48.8447519;2.1872039;374217067;0;3
48.8411175;2.1965495;375991460;1;4
48.8429783;2.1954691;375991467;1;4
48.8469776;2.1962535;375993048;2;2
48.8436567;2.1922996;375995444;1;4
48.8439735;2.1931921;375995468;0;4
48.8436328;2.1867168;376013534;0;1
48.8485259;2.1828363;410636646;1;3
48.8432824;2.174514;411072427;0;5
48.8431896;2.1744249;411072429;0;5
48.8432408;2.1743382;411072436;1;5
48.8444627;2.1986822;441767908;0;4
48.8470092;2.181674;459811632;1;3
48.8470748;2.1816078;459811637;1;3
48.8471392;2.1817201;459811639;0;3
48.8423482;2.183459;459811660;0;1
48.8392637;2.1886343;497498101;0;1
48.8398357;2.1911122;497498104;1;4
48.8400037;2.1918888;497498106;1;4
48.8388891;2.1875697;571581192;0;1
48.8389458;2.1875784;571581338;0;1
48.8429081;2.1841376;622548875;1;1
48.8435067;2.1853789;622565462;0;1
48.8399786;2.1857396;622566153;4;1
48.843799;2.178193;665877722;0;5
48.8446124;2.1868199;666459830;0;3
48.8409324;2.1717232;666480631;3;5
48.8408917;2.1724716;666480632;0;5
48.839418;2.1718879;666480633;0;5
48.8394273;2.1717696;666480634;0;5
48.8390555;2.1777489;666480635;0;5
48.839433;2.1779269;666480636;0;5
48.8392275;2.1717876;666480637;0;5
48.8446442;2.1874636;878171243 / Rue de l'Église / Grande Rue;1;3
48.8382936;2.1785882;923034571;2;5
48.8458722;2.1852234;923034694;0;3
48.8471146;2.1817894;923035204;2;3
48.843532;2.1928602;923035410;3;4
48.8382092;2.1810816;923035922;0;5
48.8429725;2.1842151;923036006;1;1
48.8405214;2.1935892;1188347050;1;4
48.8463084;2.1939392;1868884403;0;4
48.8463651;2.1945511;1868884405;0;4
48.8468883;2.1937372;1868884699;1;4
48.8475413;2.1820459;1932413807;0;3
48.8461721;2.1924826;2169099690;1;4
48.8520391;2.1969615;2266470990;2;2
48.8515164;2.1912499;2277726037;0;2
48.8515723;2.1909292;2277726038;0;2
48.8392249;2.1886633;2382759589;0;1
48.8384616;2.1713944;2408678012;1;5
48.84659;2.1886953;2413509122;0;3
48.8546009;2.1977253;2502685439;2;2
48.8382568;2.1820847;2515343419;1;1
48.8469624;2.1961788;2697870081;0;2
48.8466002;2.1978207;2697870116;0;2
48.847312;2.1975897;2697870126;1;2
48.8412345;2.1916603;3296686771;0;4
48.8382849;2.1703809;4762797724;2;5
48.8414661;2.1920248;5310625215;0;4
48.8393163;2.188584;5316498448;1;1
48.851276;2.1922422;6359437469 / Rue du 19 Janvier / Rue du Marquis de Mores / Rue du Marquis de Mores / Rue du 19 Janvier;2;2
48.8506945;2.1943928;6359437472;0;2
48.8428077;2.1900227;6424651787;0;4
48.8478704;2.1913013;6437704540;0;2
48.8445494;2.1869476;6617132787;1;3
48.8442166;2.1855875;7003207813;1;3
48.8423101;2.1863232;7003207818;0;1
48.8456664;2.18836;7692413992 / Rue de l'Église / Rue de Suresnes;1;3
48.8393376;2.1888804;7856571444;0;1
48.8520827;2.2056025;8249786311;0;2
48.8519617;2.2049588;8249801425;0;2
48.841508;2.19855;9495458898;1;4
48.8427864;2.199084;9497795897;1;4
48.8516529;2.1909594;9498102943;0;2
48.8481161;2.1908155;9498134737;0;2
48.8458187;2.1877894;11436451280;0;3
48.8458756;2.1878179;11436451281;0;3
48.8522679;2.1963491;12162074708;1;2
48.8386709;2.1866881;12193940461 / Avenue Joffre / Avenue Pasteur / Avenue Joffre / Boulevard du Général de Gaulle D907 / Avenue Pasteur / Avenue Joffre / Avenue Pasteur / Boulevard du Général de Gaulle D907 / Boulevard du Général de Gaulle D907 / Avenue Joffre / Boulevard du Général de Gaulle D907 / Avenue Pasteur;1;1
48.8385855;2.18642;12193940467 / Avenue Joffre / Avenue Pasteur / Avenue Joffre / Boulevard du Général de Gaulle D907 / Avenue Pasteur / Avenue Joffre / Avenue Pasteur / Boulevard du Général de Gaulle D907 / Boulevard du Général de Gaulle D907 / Avenue Joffre / Boulevard du Général de Gaulle D907 / Avenue Pasteur;2;1
48.8384048;2.1866047;12193940471;1;1
48.8385895;2.1868131;12193940476 / Avenue Joffre / Avenue Pasteur / Avenue Joffre / Boulevard du Général de Gaulle D907 / Avenue Pasteur / Avenue Joffre / Avenue Pasteur / Boulevard du Général de Gaulle D907 / Boulevard du Général de Gaulle D907 / Avenue Joffre / Boulevard du Général de Gaulle D907 / Avenue Pasteur;1;1
48.8386775;2.1865872;12193940480 / Avenue Joffre / Avenue Pasteur / Avenue Joffre / Boulevard du Général de Gaulle D907 / Avenue Pasteur / Avenue Joffre / Avenue Pasteur / Boulevard du Général de Gaulle D907 / Boulevard du Général de Gaulle D907 / Avenue Joffre / Boulevard du Général de Gaulle D907 / Avenue Pasteur;2;1
48.8386468;2.1864836;12193940481 / Avenue Joffre / Avenue Pasteur / Avenue Joffre / Boulevard du Général de Gaulle D907 / Avenue Pasteur / Avenue Joffre / Avenue Pasteur / Boulevard du Général de Gaulle D907 / Boulevard du Général de Gaulle D907 / Avenue Joffre / Boulevard du Général de Gaulle D907 / Avenue Pasteur;2;1
48.8386294;2.1868782;12193955503;2;1
48.8387016;2.186768;12193955504 / Avenue Joffre / Avenue Pasteur / Avenue Joffre / Boulevard du Général de Gaulle D907 / Avenue Pasteur / Avenue Joffre / Avenue Pasteur / Boulevard du Général de Gaulle D907 / Boulevard du Général de Gaulle D907 / Avenue Joffre / Boulevard du Général de Gaulle D907 / Avenue Pasteur;2;1
48.8379835;2.1687119;12193955554;1;5
48.845527;2.1883159;12500686266 / Rue de l'Église / Rue de Suresnes;1;3
48.8433177;2.1846093;12943041286;1;1
48.8434717;2.1843902;12943041289;0;1
48.8415373;2.1988184;13305322433;0;4
48.8418947;2.1963758;13305322436;0;4
48.8421238;2.1962379;13305322437;1;4
48.8419871;2.1961028;13305322438;0;4
48.8392951;2.1887389;13305322440;0;1
48.8392242;2.1885031;13305322441;0;1
48.8415204;2.175467;13588951200;0;5
48.8414548;2.1767454;13588974506;0;5
48.8427027;2.1770442;13588974511;1;5
48.8442936;2.1816351;13588974569;0;3
48.8413351;2.1795187;13907583830;1;5
48.8413093;2.1795664;13907583831;1;5
48.8413377;2.1796349;13907583832;1;5
48.8413861;2.1795468;13907583842;1;5
48.849009323;2.201078516;Rue du 19 Janvier / Avenue du Maréchal Foch / Rue du 19 Janvier / Rue de la Porte Jaune D180 / Rue du 19 Janvier / Rue de Suresnes;1;2
