longitude;latitude;intersection;Ville/Commune;equipe;ordre;pp_detecte;pp_confiance;nb_traversees;pp_image_ok;pp_erreur
2.319654654;48.813148791;Avenue Henri Ginoux D128 / Rue Carves / Avenue Henri Ginoux D128 / Rue Périer / Rue Carves / Avenue Henri Ginoux D128 / Rue Carves / Rue Périer / Rue Périer / Avenue Henri Ginoux D128;Montrouge, Hauts-de-Seine;1;1;True;0.48;5;True;
2.320149034;48.811705327;Rue Charles Floquet / Rue Victor Basch / Rue du Stade Buffalo / Rue Victor Basch / Rue Victor Basch / Rue Charles Floquet / Rue Victor Basch / Rue du Stade Buffalo;Montrouge, Hauts-de-Seine;1;2;True;0.63;3;True;
2.318931012;48.813338688;Rue Morel / Rue Périer;Montrouge, Hauts-de-Seine;1;3;True;0.69;2;True;
2.318923951;48.812027244;Avenue Henri Ginoux D128 / Rue Boileau / Rue Boileau / Avenue Henri Ginoux D128 / Rue Charles Floquet / Avenue Henri Ginoux D128 / Rue Charles Floquet / Rue Boileau;Montrouge, Hauts-de-Seine;1;4;True;0.65;3;True;
2.31844854;48.813493708;Rue Victor Hugo / Rue Périer;Montrouge, Hauts-de-Seine;1;5;True;0.45;5;True;
2.319636417;48.810877982;Rue Victor Basch / Rue des Frères Henry;Montrouge, Hauts-de-Seine;1;6;True;0.49;4;True;
2.318235051;48.81223822;Rue Morel / Rue Boileau;Montrouge, Hauts-de-Seine;1;7;True;0.57;1;True;
2.318433519;48.811218043;Rue des Frères Henry / Avenue Henri Ginoux D128 / Rue des Frères Henry / Rue Racine / Rue Racine / Avenue Henri Ginoux D128;Montrouge, Hauts-de-Seine;1;8;True;0.44;6;True;
2.317497966;48.812421573;Rue La Fontaine / Rue Boileau;Montrouge, Hauts-de-Seine;1;9;True;0.61;4;True;
2.31761382;48.815318;Avenue de la République D63 / Avenue Verdier D61 / Avenue Verdier D61 / Avenue de la République D63;Montrouge, Hauts-de-Seine;1;10;True;0.62;4;True;
2.319108834;48.810029527;Avenue Marx Dormoy D62 / Avenue Marx Dormoy D161 / Rue Victor Basch / Avenue Marx Dormoy D62 / Rue Victor Basch / Rue du Colonel Fabien;Montrouge, Hauts-de-Seine;1;11;True;0.57;5;True;
2.317194302;48.814639892;Rue Couprie / Avenue de la République D63;Montrouge, Hauts-de-Seine;1;12;True;0.63;2;True;
2.318124908;48.810783175;Rue Descartes / Avenue Henri Ginoux D128;Montrouge, Hauts-de-Seine;1;13;True;0.58;2;True;
2.316790305;48.813941923;Avenue de la République D63 / Rue Périer / Rue Périer / Avenue de la République D63;Montrouge, Hauts-de-Seine;1;14;True;0.52;5;True;
2.316979843;48.81162216;Rue La Fontaine / Rue Racine / Rue Racine / Rue La Fontaine;Montrouge, Hauts-de-Seine;1;15;True;0.61;3;True;
2.316210938;48.813050445;Rue La Bruyère / Avenue de la République D63;Montrouge, Hauts-de-Seine;1;16;True;0.44;6;True;
2.316737364;48.811163511;Rue La Fontaine / Rue Descartes;Montrouge, Hauts-de-Seine;1;17;True;0.55;1;True;
2.31602063;48.812702094;Avenue de Verdun / Avenue de la République D63 / Rue Boileau / Avenue de la République D63;Montrouge, Hauts-de-Seine;1;18;True;0.48;6;True;
2.317635922;48.809935883;Avenue Marx Dormoy D62 / Avenue Henri Ginoux D128;Montrouge, Hauts-de-Seine;1;19;True;0.47;10;True;
2.315887604;48.812391925;Avenue de la République D63 / Avenue de Verdun / Rue de Sévigné / Avenue de la République D63 / Rue de Sévigné / Avenue de Verdun;Montrouge, Hauts-de-Seine;1;20;True;0.43;5;True;
2.316168423;48.815726764;Avenue Verdier D61 / Rue Marcelin Berthelot / Rue de Saisset / Avenue Verdier D61 / Rue Marcelin Berthelot / Avenue Verdier D61;Montrouge, Hauts-de-Seine;1;21;True;0.55;4;True;
2.316413476;48.810716125;Avenue de Verdun / Rue La Fontaine / Avenue de Verdun / Rue Molière / Rue Molière / Rue La Fontaine;Montrouge, Hauts-de-Seine;1;22;True;0.46;8;True;
2.31558637;48.81508622;Rue de Saisset / Rue Couprie;Montrouge, Hauts-de-Seine;1;23;True;0.56;2;True;
2.315581074;48.811993027;Avenue de la République D63 / Rue Racine / Avenue de Verdun / Rue Racine / Rue Racine / Avenue de Verdun;Montrouge, Hauts-de-Seine;1;24;True;0.55;6;True;
2.315142075;48.814404934;Rue de Saisset / Rue Périer / Rue Fénelon / Rue Périer;Montrouge, Hauts-de-Seine;1;25;True;0.5;5;True;
2.314756059;48.813174744;Rue Fénelon / Rue Boileau / Rue Fénelon / Rue La Bruyère;Montrouge, Hauts-de-Seine;1;26;True;0.63;4;True;
2.315217057;48.811430189;Rue Pascal / Avenue de la République D63;Montrouge, Hauts-de-Seine;1;27;True;0.45;6;True;
2.314467477;48.812673801;Rue Fénelon / Rue de Sévigné;Montrouge, Hauts-de-Seine;1;28;True;0.5;5;True;
2.314989194;48.811053202;Avenue de la République D63 / Rue Molière / Rue Molière / Avenue de la République D63;Montrouge, Hauts-de-Seine;1;29;True;0.49;6;True;
2.314200965;48.81467766;Rue Constant Juif / Rue Périer;Montrouge, Hauts-de-Seine;1;30;True;0.29;1;True;
2.314263087;48.812347557;Rue Fénelon / Rue Racine;Montrouge, Hauts-de-Seine;1;31;True;0.51;8;True;
2.313852828;48.813406281;Rue Auber / Rue Boileau;Montrouge, Hauts-de-Seine;1;32;False;0.0;0;True;
2.31436552;48.811195878;Rue Molière / Rue Georges Messier;Montrouge, Hauts-de-Seine;1;33;True;0.29;2;True;
2.313924701;48.811785248;Rue Fénelon / Rue Pascal;Montrouge, Hauts-de-Seine;1;34;True;0.37;4;True;
2.313347919;48.812600491;Rue Auber / Rue Racine;Montrouge, Hauts-de-Seine;1;35;True;0.46;2;True;
2.31365362;48.811412874;Rue Fénelon / Rue Molière;Montrouge, Hauts-de-Seine;1;36;True;0.39;6;True;
2.313309069;48.810913749;Rue Fénelon / Rue Georges Messier;Montrouge, Hauts-de-Seine;1;37;False;0.0;0;True;
2.312755651;48.811667742;Rue Auber / Rue Molière;Montrouge, Hauts-de-Seine;1;38;True;0.47;1;True;
2.312847815;48.81026352;Avenue Marx Dormoy D62 / Rue Fénelon;Montrouge, Hauts-de-Seine;1;39;True;0.54;5;True;
2.317268593;48.817561437;Rue Marcelin Berthelot / Rue Sylvine Candas / Rue Sylvine Candas / Rue Marcelin Berthelot;Montrouge, Hauts-de-Seine;2;1;True;0.41;3;True;
2.316957971;48.817844481;Avenue Jean Jaurès D63A / Rue René Barthelemy / Avenue Jean Jaurès D63A / Rue Sylvine Candas / Rue René Barthelemy / Avenue Jean Jaurès D63A;Montrouge, Hauts-de-Seine;2;2;True;0.54;1;True;
2.31714258;48.818823453;Rue René Barthelemy / Rue Gabriel Péri D50;Montrouge, Hauts-de-Seine;2;3;True;0.67;2;True;
2.316242628;48.8190618;Rue du 11 Novembre / Rue Gabriel Péri D50;Montrouge, Hauts-de-Seine;2;4;True;0.55;3;True;
2.313687971;48.816035876;Rue Guillot / Avenue Verdier D61;Montrouge, Hauts-de-Seine;2;5;True;0.54;1;True;
2.313058949;48.815048684;Rue Guillot / Rue Périer / Rue Périer / Rue Guillot;Montrouge, Hauts-de-Seine;2;6;True;0.66;3;True;
2.316642048;48.819829119;Rue du 11 Novembre / Avenue Émile-Boutroux / Rue du 11 Novembre / Rue Pasteur / Rue du 11 Novembre / Rue Pierre Curie;Montrouge, Hauts-de-Seine;2;7;True;0.61;2;True;
2.312729953;48.81610344;Avenue Verdier D61 / Rue Pierre Boillaud;Montrouge, Hauts-de-Seine;2;8;False;0.0;0;True;
2.312719938;48.816489699;Avenue Jean Jaurès D63A / Rue Pierre Boillaud;Montrouge, Hauts-de-Seine;2;9;False;0.0;0;True;
2.311711533;48.816221388;Avenue Jean Jaurès D63A / Avenue Verdier D61 / Avenue Jean Jaurès / Rue Maurice Arnoux D59 / Avenue Verdier D61 / Avenue Jean Jaurès D63A;Montrouge, Hauts-de-Seine;2;10;True;0.32;6;True;
2.314022296;48.819496636;Rue Radiguey / Rue Gabriel Péri D50;Montrouge, Hauts-de-Seine;2;11;True;0.44;4;True;
2.311205749;48.815590218;Rue Périer / Rue Maurice Arnoux D59;Montrouge, Hauts-de-Seine;2;12;False;0.0;0;True;
2.314237712;48.820006921;Rue Gueudin / Rue Pierre Curie / Rue Gueudin / Rue Radiguey / Rue Radiguey / Rue Pierre Curie;Montrouge, Hauts-de-Seine;2;13;True;0.43;4;True;
2.311895263;48.817417348;Rue Paul Bert / Rue Maurice Arnoux D59;Montrouge, Hauts-de-Seine;2;14;True;0.37;2;True;
2.311129524;48.816115762;Avenue Jean Jaurès / Rue Camille Pelletan / Avenue Verdier D61 / Rue Camille Pelletan / Avenue Verdier D61 / Rue Maurice Arnoux D59 / Rue Camille Pelletan / Avenue Jean Jaurès / Rue Camille Pelletan / Avenue Verdier D61 / Rue Camille Pelletan / Rue Maurice Arnoux D59;Montrouge, Hauts-de-Seine;2;15;False;0.0;0;True;
2.310698294;48.814549657;Rue Henri Barbusse / Rue Maurice Arnoux D59;Montrouge, Hauts-de-Seine;2;16;False;0.0;0;True;
2.312211691;48.818241884;Avenue de la Paix - Clarissa Jean-Philippe / Rue Maurice Arnoux D59;Montrouge, Hauts-de-Seine;2;17;True;0.48;2;True;
2.314453073;48.820493834;Rue Radiguey / Rue Pasteur;Montrouge, Hauts-de-Seine;2;18;True;0.59;1;True;
2.31247971;48.818884846;Rue Maurice Arnoux D59 / Rue Marie Debos;Montrouge, Hauts-de-Seine;2;19;False;0.0;0;True;
2.312896512;48.819687574;Rue Gabriel Péri D50 / Rue Maurice Arnoux D59 / Rue Maurice Arnoux D59 / Rue Gabriel Péri D50;Montrouge, Hauts-de-Seine;2;20;True;0.5;5;True;
2.313269148;48.820195878;Rue Maurice Arnoux D59 / Rue Gueudin;Montrouge, Hauts-de-Seine;2;21;False;0.0;0;True;
2.313817982;48.820940578;Rue Maurice Arnoux D59 / Rue Pasteur;Montrouge, Hauts-de-Seine;2;22;True;0.38;3;True;
2.309939582;48.816568564;Rue Paul Bert / Rue Camille Pelletan;Montrouge, Hauts-de-Seine;2;23;True;0.57;4;True;
2.30972827;48.816163866;Rue Paul Bert / Avenue Verdier D61;Montrouge, Hauts-de-Seine;2;24;True;0.53;3;True;
2.310740664;48.819839726;Avenue Pierre Brossolette D906 / Boulevard Gabriel Péri D50 / Avenue Pierre Brossolette D906 / Rue Gabriel Péri D50 / Rue Gabriel Péri D50 / Avenue Pierre Brossolette D906 / Rue Gabriel Péri D50 / Boulevard Gabriel Péri D50;Montrouge, Hauts-de-Seine;2;25;True;0.51;5;True;
2.310255135;48.819443884;Avenue Pierre Brossolette D906 / Rue Marie Debos;Montrouge, Hauts-de-Seine;2;26;True;0.56;2;True;
2.308447841;48.818074421;Avenue de la Marne / Avenue Pierre Brossolette D906;Montrouge, Hauts-de-Seine;2;27;True;0.63;2;True;
2.325849956;48.813267626;Avenue Léon Gambetta D61 / Avenue Aristide Briand D920;Montrouge, Hauts-de-Seine;3;1;True;0.67;1;True;
2.325771393;48.814375839;Rue d'Estienne d'Orves / Avenue Aristide Briand D920;Montrouge, Hauts-de-Seine;3;2;False;0.0;0;True;
2.326151496;48.812006362;Avenue Aristide Briand D920 / Rue de Thalheimer / Rue de Thalheimer / Avenue Aristide Briand D920;Montrouge, Hauts-de-Seine;3;3;True;0.56;4;True;
2.327668063;48.812336574;Rue de Thalheimer / Rue de la Vanne;Montrouge, Hauts-de-Seine;3;4;True;0.28;1;True;
2.326272309;48.811517653;Rue Carves / Avenue Aristide Briand D920;Montrouge, Hauts-de-Seine;3;5;True;0.46;1;True;
2.3236486;48.812035405;Rue Carves / Avenue du Fort;Montrouge, Hauts-de-Seine;3;6;True;0.49;5;True;
2.325674977;48.815998782;Avenue Aristide Briand D920 / Rue Louis Rolland / Rue Louis Rolland / Avenue Aristide Briand D920;Montrouge, Hauts-de-Seine;3;7;True;0.58;1;True;
2.328453453;48.815316591;Boulevard du Général de Gaulle / Rue de la Vanne;Montrouge, Hauts-de-Seine;3;8;True;0.51;5;True;
2.323310562;48.81132702;Rue d'Arcueil / Avenue du Fort;Montrouge, Hauts-de-Seine;3;9;True;0.5;1;True;
2.321596432;48.81425817;Avenue Léon Gambetta D61 / Rue de la Solidarité / Avenue Léon Gambetta D61 / Rue Victor Basch / Rue de la Solidarité / Avenue Léon Gambetta D61 / Rue de la Solidarité / Rue Victor Basch;Montrouge, Hauts-de-Seine;3;10;True;0.59;4;True;
2.322100184;48.815166355;Rue d'Estienne d'Orves / Rue de la Solidarité / Rue d'Estienne d'Orves / Rue Myrtille Beer / Rue Myrtille Beer / Rue d'Estienne d'Orves;Montrouge, Hauts-de-Seine;3;11;True;0.47;5;True;
2.326511933;48.810702487;Rue d'Arcueil / Avenue Aristide Briand D920;Montrouge, Hauts-de-Seine;3;12;True;0.44;8;True;
2.323445979;48.816379934;Rue Amaury Duval / Rue Louis Rolland;Montrouge, Hauts-de-Seine;3;13;True;0.38;1;True;
2.321030207;48.813190355;Rue Chaintron / Rue Victor Basch;Montrouge, Hauts-de-Seine;3;14;True;0.56;4;True;
2.321848921;48.815592732;Rue Blanche / Rue Jean Vallet / Rue Blanche / Rue Myrtille Beer / Rue Jean Vallet / Rue Blanche / Rue Jean Vallet / Rue Myrtille Beer / Rue Myrtille Beer / Rue Blanche / Rue Myrtille Beer / Rue Jean Vallet;Montrouge, Hauts-de-Seine;3;15;True;0.63;1;True;
2.320802702;48.812827544;Rue Carves / Rue Victor Basch;Montrouge, Hauts-de-Seine;3;16;True;0.57;6;True;
2.322889475;48.810710105;Rue du Stade Buffalo / Avenue du Fort;Montrouge, Hauts-de-Seine;3;17;True;0.54;2;True;
2.32050721;48.814495509;Avenue Henri Ginoux D128 / Avenue Léon Gambetta D61 / Avenue Henri Ginoux D128 / Avenue Verdier D61 / Avenue Léon Gambetta D61 / Avenue Henri Ginoux D128 / Avenue Léon Gambetta D61 / Avenue Verdier D61;Montrouge, Hauts-de-Seine;3;18;True;0.53;4;True;
2.325639555;48.817540515;Avenue Aristide Briand D920 / Rue Barbès D50 / Avenue Aristide Briand / Rue Gabriel Péri D50 / Rue Barbès D50 / Avenue Aristide Briand D920 / Rue Gabriel Péri D50 / Avenue Aristide Briand D920;Montrouge, Hauts-de-Seine;3;19;True;0.37;3;True;
2.320670219;48.815497307;Rue d'Estienne d'Orves / Avenue Henri Ginoux D128;Montrouge, Hauts-de-Seine;3;20;True;0.61;2;True;
2.320840846;48.815802952;Rue Blanche / Avenue Henri Ginoux D128;Montrouge, Hauts-de-Seine;3;21;True;0.54;4;True;
2.325395646;48.809577331;Avenue Marx Dormoy D161 / Avenue Prieur de la Côte d'Or;Montrouge, Hauts-de-Seine;3;22;True;0.49;3;True;
2.324113194;48.81772282;Rue Amaury Duval / Rue Gabriel Péri D50;Montrouge, Hauts-de-Seine;3;23;True;0.52;3;True;
2.321435664;48.816714886;Rue Louis Rolland / Avenue Henri Ginoux D128;Montrouge, Hauts-de-Seine;3;24;True;0.52;4;True;
2.321641909;48.81708578;Rue Sadi Carnot / Avenue Henri Ginoux D128;Montrouge, Hauts-de-Seine;3;25;True;0.44;5;True;
2.322568877;48.809755882;Avenue du Fort / Avenue Marx Dormoy D161 / Avenue Marx Dormoy D161 / Avenue du Fort;Montrouge, Hauts-de-Seine;3;26;True;0.5;6;True;
2.319268763;48.814847161;Avenue Verdier D61 / Rue Victor Hugo / Rue Victor Hugo / Avenue Verdier D61;Montrouge, Hauts-de-Seine;3;27;True;0.47;4;True;
2.320496653;48.816870648;Rue Louis Rolland / Rue Victor Hugo;Montrouge, Hauts-de-Seine;3;28;True;0.54;2;True;
2.322294248;48.818014008;Avenue Henri Ginoux D128 / Rue Gabriel Péri D50 / Rue Gabriel Péri D50 / Avenue Henri Ginoux D128;Montrouge, Hauts-de-Seine;3;29;True;0.61;4;True;
2.323389294;48.819334505;Avenue Henri Ginoux D128 / Rue Delerue / Rue Delerue / Avenue Henri Ginoux D128 / Rue Georges Bouzerait / Avenue Henri Ginoux D128 / Rue Théophile Gautier / Avenue Henri Ginoux D128 / Rue Théophile Gautier / Rue Georges Bouzerait;Montrouge, Hauts-de-Seine;3;30;True;0.45;4;True;
2.320496327;48.818371981;Rue Gabriel Péri D50 / Rue Edmond Champeaud;Montrouge, Hauts-de-Seine;3;31;True;0.3;1;True;
2.31912425;48.817691493;Avenue de la République / Rue Sadi Carnot;Montrouge, Hauts-de-Seine;3;32;True;0.49;3;True;
2.319598647;48.818513627;Avenue de la République / Rue Gabriel Péri D50 / Rue Gabriel Péri D50 / Avenue de la République;Montrouge, Hauts-de-Seine;3;33;True;0.52;6;True;
2.320700283;48.819132606;Rue Edgar Quinet / Rue Rabelais;Montrouge, Hauts-de-Seine;3;34;True;0.47;4;True;
2.324019172;48.820182456;Avenue Henri Ginoux D128 / Boulevard Romain Rolland / Avenue Henri Ginoux D128 / Rue de la Légion Étrangère;Montrouge, Hauts-de-Seine;3;35;True;0.64;2;True;
2.319054723;48.818591028;Avenue Jean Jaurès D63A / Rue Gabriel Péri D50 / Rue Gabriel Péri D50 / Avenue Jean Jaurès D63A;Montrouge, Hauts-de-Seine;3;36;True;0.39;6;True;
2.32010988;48.819288849;Avenue de la République / Rue Rabelais;Montrouge, Hauts-de-Seine;3;37;True;0.5;3;True;
2.3212949;48.819988171;Rue Delerue / Rue Edgar Quinet / Rue Edgar Quinet / Rue Delerue;Montrouge, Hauts-de-Seine;3;38;True;0.67;3;True;
2.319194392;48.819193;Rue du Colonel Gillon / Avenue Émile-Boutroux;Montrouge, Hauts-de-Seine;3;39;True;0.44;1;True;
2.319687104;48.819740763;Rue du Colonel Gillon / Rue Gutenberg;Montrouge, Hauts-de-Seine;3;40;True;0.49;3;True;
2.31012872;48.813510932;Rue Racine / Rue Maurice Arnoux D59;Montrouge, Hauts-de-Seine;4;1;False;0.0;0;True;
2.309895862;48.813148521;Rue Corneille / Rue Maurice Arnoux D59;Montrouge, Hauts-de-Seine;4;2;True;0.46;2;True;
2.309508522;48.812635394;Rue Jules Guesde / Rue Maurice Arnoux D59 / Rue Molière / Rue Jules Guesde / Rue Molière / Rue Maurice Arnoux D59;Montrouge, Hauts-de-Seine;4;3;True;0.63;2;True;
2.30974778;48.81146975;Rue de Chateaubriand / Rue Raoul Pugno;Montrouge, Hauts-de-Seine;4;4;True;0.54;2;True;
2.309241754;48.81498414;Avenue Jean Jaurès / Rue Henri Barbusse / Rue Henri Barbusse / Avenue Jean Jaurès;Montrouge, Hauts-de-Seine;4;5;True;0.39;2;True;
2.308924202;48.811828321;Rue de Chateaubriand / Rue Maurice Arnoux D59 / Rue Roger Salengro / Rue Maurice Arnoux D59;Montrouge, Hauts-de-Seine;4;6;True;0.47;4;True;
2.30878737;48.816157156;Rue Arthur Auger / Avenue Verdier D61;Montrouge, Hauts-de-Seine;4;7;True;0.5;2;True;
2.308585216;48.811454572;Rue du Poitou / Rue Maurice Arnoux D59;Montrouge, Hauts-de-Seine;4;8;True;0.4;2;True;
2.308236108;48.813037968;Rue Jules Chèret / Rue Jules Guesde / Rue Jules Guesde / Rue Jules Chèret;Montrouge, Hauts-de-Seine;4;9;True;0.51;2;True;
2.308273871;48.815467706;Rue Arthur Auger / Rue Henri Barbusse / Rue Arthur Auger / Rue Marcel Sembat / Rue Marcel Sembat / Rue Arthur Auger / Rue Marcel Sembat / Rue Henri Barbusse;Montrouge, Hauts-de-Seine;4;10;True;0.48;6;True;
2.307741306;48.81244361;Rue Jules Chèret / Rue Roger Salengro / Rue Roger Salengro / Rue Jules Chèret;Montrouge, Hauts-de-Seine;4;11;False;0.0;0;True;
2.307231173;48.81382772;Rue Arthur Auger / Avenue Jean Jaurès;Montrouge, Hauts-de-Seine;4;12;True;0.45;2;True;
2.30805937;48.817502273;Avenue de la Marne / Avenue du 12 Février 1934 D61E / Avenue de la Marne / Rue Camille Pelletan / Avenue du 12 Février 1934 D61E / Avenue de la Marne / Avenue du 12 Février 1934 D61E / Avenue Pierre Brossolette D906 / Avenue du 12 Février 1934 D61E / Rue Camille Pelletan / Rue Camille Pelletan / Avenue du 12 Février 1934;Montrouge, Hauts-de-Seine;4;13;True;0.71;5;True;
2.306820598;48.813581497;Rue Jules Guesde / Avenue Jean Jaurès;Montrouge, Hauts-de-Seine;4;14;True;0.42;3;True;
2.307047581;48.816218423;Avenue de la Marne / Avenue Verdier D61 / Rue Marcel Sembat / Avenue de la Marne / Rue Marcel Sembat / Avenue Verdier D61;Montrouge, Hauts-de-Seine;4;15;True;0.6;4;True;
2.306017147;48.813101527;Avenue Jean Jaurès / Rue Roger Salengro / Rue Roger Salengro / Avenue Jean Jaurès;Montrouge, Hauts-de-Seine;4;16;False;0.0;0;True;
2.305957276;48.816262919;Avenue Pierre Brossolette D906 / Avenue Verdier D61 / Avenue Verdier D61 / Avenue Pierre Brossolette D906;Montrouge, Hauts-de-Seine;4;17;True;0.31;3;True;
2.30529868;48.814157024;Rue Jules Guesde / Avenue de la Marne;Montrouge, Hauts-de-Seine;4;18;True;0.49;2;True;
2.305319812;48.812699252;Rue du Poitou / Avenue Jean Jaurès;Montrouge, Hauts-de-Seine;4;19;True;0.33;1;True;
2.304787333;48.813555513;Rue Roger Salengro / Avenue de la Marne;Montrouge, Hauts-de-Seine;4;20;True;0.57;3;True;
2.303413703;48.811962549;Avenue de la Marne / Rue Germain Dardan / Rue Germain Dardan / Avenue de la Marne;Montrouge, Hauts-de-Seine;4;21;True;0.45;6;True;
2.303193338;48.811613048;Avenue de la Marne / Avenue Jean Jaurès D63A / Avenue Jean Jaurès / Avenue de la Marne / Rue Chopin / Avenue Jean Jaurès D63A;Montrouge, Hauts-de-Seine;4;22;True;0.47;8;True;
2.302748118;48.811148798;Avenue Jean Jaurès D63A / Avenue de la République / Avenue Jean Jaurès D63A / Avenue Marx Dormoy D62 / Avenue Marx Dormoy D62 / Avenue Jean Jaurès D63A;Montrouge, Hauts-de-Seine;4;23;True;0.41;6;True;
2.302147628;48.812537804;Rue Germain Dardan / Rue Chopin;Montrouge, Hauts-de-Seine;4;24;True;0.35;3;True;
2.301586733;48.812846615;Rue Germain Dardan / Avenue Pierre Brossolette D906 / Rue Germain Dardan / Rue Étienne Dolet;Montrouge, Hauts-de-Seine;4;25;True;0.63;1;True;
2.300801906;48.811981488;Avenue Marx Dormoy D62 / Avenue Pierre Brossolette D906 / Avenue Marx Dormoy D62 / Rue Marc Séguin;Montrouge, Hauts-de-Seine;4;26;True;0.5;4;True;
2.300160817;48.811447791;Avenue de Paris D906 / Avenue Pierre Brossolette D906 / Avenue de Paris D906 / Boulevard Camélinat D61A / Avenue Pierre Brossolette D906 / Avenue de Paris / Avenue Pierre Brossolette D906 / Boulevard Camélinat D61A;Montrouge, Hauts-de-Seine;4;27;True;0.43;4;True;
