latitude;longitude;intersection;nb_traversees;equipe;ordre
48.811447791;2.300160817;13622245811;1;1;1
48.811981488;2.300801906;13622245811;1;1;2
48.8125485;2.3021547;280948701;1;1;3
48.8110412;2.3026544;8046471123;1;1;4
48.8111465;2.3027458;5536126564;1;1;5
48.8112478;2.3028573;8046471124;1;1;6
48.8114778;2.303013;3759989277;1;1;7
48.8116077;2.303149;3759989279;1;1;8
48.8119254;2.3034001;280737061;2;1;9
48.8119743;2.3034416;2769405967;1;1;10
48.8111111;2.303171;7900253897;1;1;11
48.8116674;2.3034657;3759989281;0;1;12
48.8161159;2.3057339;4284740308;1;1;13
48.816263;2.3058899;3609100822;1;1;14
48.8119503;2.3039797;4564848105;0;1;15
48.8135563;2.3047872;268400840;4;1;16
48.8141577;2.3052988;268400809;3;1;17
48.8110307;2.3041388;10572510175;0;1;18
48.8127018;2.3052946;268401706;3;1;19
48.8109773;2.304795;13622245811;0;1;20
48.8130995;2.3059873;268400853;5;1;21
48.8133553;2.3064323;2421609837;0;1;22
48.8135816;2.306821;268400838;5;1;23
48.8109146;2.3055361;5866048265;1;1;24
48.8138187;2.3072343;268400765;1;1;25
48.8139174;2.3074059;3680279821;1;1;26
48.8124349;2.307745;968282853;1;1;27
48.8106683;2.3079119;2915134593;2;1;28
48.8114475;2.3085998;268401679;1;1;29
48.8219226;2.3136878;9107731289;0;2;1
48.8201956;2.3132492;268401021;1;2;2
48.8220753;2.3139115;11613771245;0;2;3
48.8209602;2.3138095;268401381;2;2;4
48.8194828;2.314015;419330071;2;2;5
48.8200069;2.3142377;268401390;4;2;6
48.82052;2.3144559;268401385;1;2;7
48.8201566;2.3162809;1927755540;1;2;8
48.8201352;2.3164051;1927755536;1;2;9
48.8174085;2.3155895;6603655863;2;2;10
48.8190605;2.316244;39861002;5;2;11
48.8195958;2.3165044;268401020;1;2;12
48.8197954;2.3166059;2066694566;2;2;13
48.8198746;2.3166479;2066694570;1;2;14
48.8200664;2.3167371;295496799;2;2;15
48.8204912;2.3169402;2074470013;0;2;16
48.8196821;2.3171114;2066694509;0;2;17
48.8197238;2.3171362;2054691924;0;2;18
48.8187849;2.3171136;268400958;2;2;19
48.8157648;2.3160064;36427726;3;2;20
48.8188792;2.3171647;2443190689;2;2;21
48.8178734;2.3169275;2056337111;2;2;22
48.8178348;2.3169438;268401028;1;2;23
48.8157188;2.3161734;268401050;3;2;24
48.8178797;2.3170986;6603655865;1;2;25
48.8166294;2.3167321;419333722;3;2;26
48.8175592;2.3173072;6316123077;1;2;27
48.8186159;2.3182053;6245414195;0;2;28
48.8187083;2.3183282;6272058780;0;2;29
48.8192929;2.3187322;2066694540;0;2;30
48.819286;2.3188228;2261399622;1;2;31
48.8186665;2.3186592;2333051337;0;2;32
48.8186522;2.3187738;1754594707;1;2;33
48.8183125;2.3186838;6602942079;0;2;34
48.8153211;2.3176252;36427725;5;2;35
48.8191928;2.3191944;39860190;1;2;36
48.8186007;2.3190049;2066694515;2;2;37
48.8162375;2.3181928;458369943;1;2;38
48.8183963;2.3189818;6603169036;1;2;39
48.8185913;2.3190506;6401279191;4;2;40
48.8184658;2.319015;268400957;2;2;41
48.8163043;2.3182341;39858300;0;2;42
48.8172326;2.318612;6271956471;1;2;43
48.8185403;2.3191571;10154771963;2;2;44
48.8171062;2.3187309;968282889;1;2;45
48.8173296;2.3188779;36427158;1;2;46
48.8197373;2.319711;419331245;0;2;47
48.8176949;2.3191031;36427061;4;2;48
48.8184974;2.319399;6401279190;4;2;49
48.8171642;2.3189606;365554048;1;2;50
48.8182774;2.3194618;6602943930;1;2;51
48.8185092;2.3196067;367684;4;2;52
48.819293;2.3200937;39859737;3;2;53
48.8194551;2.3201955;6602943928;3;2;54
48.8191272;2.3206966;39859736;1;2;55
48.8199513;2.3212367;2462723417;1;2;56
48.8199939;2.321265;268401234;0;2;57
48.8200279;2.3212881;6600903315;1;2;58
48.8199743;2.3213328;2462723483;1;2;59
48.8183085;2.3208101;4566459578;0;2;60
48.8168808;2.3205059;1886095760;3;2;61
48.8155026;2.3206525;4563231455;2;2;62
48.8158056;2.3208234;268401827;2;2;63
48.8167147;2.3214366;36427530;4;2;64
48.81704;2.3216293;968282856;1;2;65
48.8170961;2.3216637;36427060;2;2;66
48.8174915;2.3219237;6775365598;0;2;67
48.8180247;2.322317;21389562;6;2;68
48.8186516;2.3228785;2056337117;2;2;69
48.815572;2.3218477;451766955;1;2;70
48.8152523;2.3217723;268401830;1;2;71
48.8155496;2.3219297;451766956;0;2;72
48.8192175;2.3233234;268401906;2;2;73
48.8193227;2.3234008;268401270;3;2;74
48.8151765;2.3221084;268401508;2;2;75
48.8163701;2.3234382;36427531;2;3;1
48.816719;2.3235842;1886113942;1;3;2
48.8177524;2.3241261;268401232;2;3;3
48.8197063;2.3255165;554937773;2;3;4
48.8188607;2.3252588;268401901;2;3;5
48.8176214;2.3248767;1158891426;0;3;6
48.8195809;2.3255362;7541422180;0;3;7
48.8176024;2.3249895;554927747;1;3;8
48.8196725;2.3257281;308247170;1;3;9
48.8188187;2.3255171;308224757;0;3;10
48.8193871;2.325702;308223754;1;3;11
48.8183456;2.3254792;308256526;1;3;12
48.8175809;2.3254553;12635935633;5;3;13
48.8174955;2.3254689;12635935630;3;3;14
48.8175754;2.3255416;12635935632;3;3;15
48.817478;2.3255629;12635935631;2;3;16
48.8172267;2.3254922;6487426602;0;3;17
48.817565;2.3256371;9883134870;3;3;18
48.8174645;2.3256443;11528242901;4;3;19
48.8120434;2.323653;268401183;4;3;20
48.8125312;2.3239001;529034033;4;3;21
48.8175302;2.3258334;554927718;4;3;22
48.8129245;2.3240837;1144037858;1;3;23
48.8169245;2.325655;554930995;0;3;24
48.8166405;2.3256819;740118521;0;3;25
48.81599;2.3256386;36427532;1;3;26
48.819272;2.3267954;308223742;3;3;27
48.8174255;2.3267471;554927713;4;3;28
48.8173572;2.32675;246652026;3;3;29
48.8143691;2.3257752;268401228;1;3;30
48.8173692;2.3270884;517328713;0;3;31
48.8132719;2.3257315;2200104883;1;3;32
48.8132615;2.3258704;268401203;0;3;33
48.8125281;2.326018;529034072;1;3;34
48.8172933;2.3278707;370791964;0;3;35
48.812268;2.3262191;2200104845;1;3;36
48.812028;2.326165;13565584392;2;3;37
48.8121246;2.3262748;100295067;2;3;38
48.8173066;2.3283861;5748964058;0;3;39
48.8096443;2.3254511;6490621017;1;3;40
48.8095636;2.3254258;2298007719;1;3;41
48.8115077;2.3263199;268401182;1;3;42
48.8172082;2.3286575;2635667775;1;3;43
48.8096225;2.3255928;8066105272;0;3;44
48.8183028;2.3291032;363585000;3;3;45
48.817286;2.3288241;606313140;0;3;46
48.8171962;2.3287975;2635667773;0;3;47
48.8111144;2.3264318;529027270;0;3;48
48.816906;2.3287327;6413958285;0;3;49
48.8165188;2.3286865;6649722939;0;3;50
48.8163783;2.3286677;6649722938;0;3;51
48.8172779;2.3289955;5748964057;1;3;52
48.8106931;2.3265392;2064677376;1;3;53
48.8153141;2.3284622;246652029;4;3;54
48.8151346;2.3284158;6649722941;0;3;55
48.8107542;2.3267228;21305930;0;3;56
48.817188;2.3293041;5748964060;0;3;57
48.8133665;2.3279495;6649722942;1;3;58
48.8123536;2.3276624;100295053;0;3;59
48.8123601;2.3276848;6649753431;0;3;60
48.817188;2.3300973;2635667774;0;3;61
48.8171682;2.3303994;5748964061;0;3;62
48.8171437;2.330643;8638652710;0;3;63
48.8171357;2.330717;6584990994;0;3;64
48.8171287;2.3307827;363585293;1;3;65
48.817115;2.3309094;8638652711;0;3;66
48.8170709;2.3313159;8638652712;0;3;67
48.817059;2.3314258;367672;1;3;68
48.8170505;2.3315079;8638652713;0;3;69
48.8114133;2.3136528;268401553;4;4;1
48.8117902;2.3139092;450803635;1;4;2
48.8143995;2.3151389;268401068;2;4;3
48.8123509;2.3142515;268401579;4;4;4
48.8126786;2.314452;2357300096;1;4;5
48.815091;2.3155705;268401784;1;4;6
48.8131745;2.3147563;268401552;4;4;7
48.8134065;2.3149004;2357543854;1;4;8
48.814313;2.3154476;268401550;2;4;9
48.8110913;2.3148403;11236479841;1;4;10
48.8101159;2.3144315;257826922;2;4;11
48.8105528;2.3147;968282914;0;4;12
48.8109686;2.3149474;11236479842;1;4;13
48.8110566;2.3150017;268401639;0;4;14
48.8111311;2.3150483;11236479840;1;4;15
48.811425;2.3152325;450803639;1;4;16
48.8110338;2.3151099;11236479843;1;4;17
48.8119878;2.3155785;39858293;4;4;18
48.8121547;2.315681;3858462774;0;4;19
48.8123147;2.3157799;1829457404;2;4;20
48.8127021;2.3160206;257830425;0;4;21
48.8127305;2.3160367;7247664335;1;4;22
48.8128132;2.3160852;39858295;2;4;23
48.812892;2.3161318;7247664337;1;4;24
48.8130463;2.3162269;419334242;1;4;25
48.8119204;2.3158553;268401580;0;4;26
48.8139384;2.3167778;39858296;4;4;27
48.8146348;2.3172097;268401826;2;4;28
48.8107314;2.3163682;257830421;4;4;29
48.8111677;2.3167219;1883112765;1;4;30
48.811618;2.3169957;1883112764;4;4;31
48.8124272;2.3175012;1883112763;2;4;32
48.8099591;2.3164142;244366753;2;4;33
48.8134831;2.3184429;268401206;1;4;34
48.8102479;2.3169866;6073954108;2;4;35
48.8109573;2.3175017;2514408478;0;4;36
48.8148446;2.3192766;36427589;4;4;37
48.8149037;2.3193149;2102769281;2;4;38
48.8122279;2.3182287;968282886;2;4;39
48.8098848;2.3172784;2384568131;1;4;40
48.8097729;2.3172305;277568996;0;4;41
48.8133442;2.3189344;968282912;2;4;42
48.8098956;2.3174954;277569000;0;4;43
48.8099069;2.3175625;3390471709;0;4;44
48.8099132;2.3176122;2599906146;1;4;45
48.8107781;2.31815;1883115170;1;4;46
48.8112207;2.3184252;257830034;4;4;47
48.8120302;2.3189353;268401545;4;4;48
48.8131864;2.319498;7247609153;1;4;49
48.8131456;2.3196428;268401169;3;4;50
48.8145023;2.3205027;36427630;5;4;51
48.8099557;2.3190574;260420149;1;4;52
48.8100506;2.3191254;268401519;3;4;53
48.8103304;2.3193035;419798607;1;4;54
48.8117331;2.320017;6065182167;1;4;55
48.8108733;2.3196525;268401518;2;4;56
48.8116974;2.3201543;268401517;0;4;57
48.8117762;2.3202008;7247609146;1;4;58
48.8128275;2.3208029;268401516;4;4;59
48.8131693;2.3210001;968282861;1;4;60
48.8131838;2.3210094;418089584;1;4;61
48.8142618;2.3215462;268401205;2;4;62
48.8142435;2.3216197;968282891;2;4;63
48.8141172;2.3221258;968282908;1;4;64
48.812992;2.3218833;418089585;0;4;65
48.8130316;2.3219049;6065178086;1;4;66
48.8113281;2.3233051;2064677385;2;4;67
48.8097656;2.3225771;277569004;3;4;68
48.8096682;2.3225478;260420151;1;4;69
48.8160856;2.3069237;2439471545;2;5;1
48.8162223;2.30705;268400737;3;5;2
48.8176965;2.3078859;162614031;3;5;3
48.8172217;2.3078533;7247408540;1;5;4
48.8173098;2.3079239;268400712;1;5;5
48.8174809;2.3080611;268400767;3;5;6
48.8171293;2.3084066;1778039655;0;5;7
48.8154744;2.3082682;268400760;4;5;8
48.816176;2.3088148;268400744;2;5;9
48.819443884;2.310255135;13622245811;2;5;10
48.8198388;2.310761;268400859;3;5;11
48.8130435;2.3082325;968282904;1;5;12
48.8149233;2.3091501;7247544259;3;5;13
48.8161524;2.3097121;281159697;3;5;14
48.8149807;2.3092512;268400741;2;5;15
48.8165689;2.3099393;281159702;4;5;16
48.815076;2.3094244;7247544261;2;5;17
48.8198709;2.3119678;1039345020;0;5;18
48.8118351;2.3089106;268401741;1;5;19
48.8119602;2.3090051;268401642;2;5;20
48.8126335;2.3095173;268401161;5;5;21
48.816115762;2.311129524;13622245811;2;5;22
48.8131468;2.3098748;268401756;1;5;23
48.8134988;2.3101034;268401160;1;5;24
48.8135845;2.3101578;5778925778;0;5;25
48.8142968;2.3105905;5986721993;0;5;26
48.814545;2.310706;676006020;3;5;27
48.8147136;2.3107881;5778925779;0;5;28
48.8174153;2.3119116;281159704;1;5;29
48.8182334;2.312226;268400915;2;5;30
48.8155938;2.3111978;268401157;1;5;31
48.8188802;2.3124951;268400913;1;5;32
48.8196931;2.3128846;39861004;5;5;33
48.816221388;2.311711533;13622245811;2;5;34
48.8114793;2.3097561;268401740;2;5;35
48.816072;2.3127288;969132934;0;5;36
48.8111466;2.3105361;268401723;2;5;37
48.8166721;2.3131553;6603655861;1;5;38
48.8120416;2.3113355;268401640;3;5;39
48.8121143;2.3113924;2599619073;2;5;40
48.8121783;2.3114424;2599619074;1;5;41
48.812552;2.3117305;268401755;1;5;42
48.8129719;2.312014;268401753;2;5;43
48.8168377;2.3137028;5383446648;2;5;44
48.8150494;2.313041;268401783;3;5;45
48.8156634;2.3134614;676006153;1;5;46
48.8160485;2.3137089;268401773;3;5;47
48.8108894;2.3114213;968282860;0;5;48
48.8117559;2.3123802;969132933;0;5;49
48.8103155;2.3120414;968282893;1;5;50
48.8134907;2.3135912;676006790;1;5;51
48.8116572;2.31275;268401772;2;5;52
48.812601;2.3133484;268401771;4;5;53
48.8146433;2.3142748;676006259;0;5;54
48.8134168;2.313859;268401757;0;5;55
48.8102545;2.3128349;268401554;4;5;56
